	world	node	child	value	prob	N	hash	dv_0.7	dv_0.71	dv_0.72	dv_0.73	dv_0.74	dv_0.75	dv_0.76	dv_0.77	dv_0.78	dv_0.79	dv_0.8	dv_0.81	dv_0.82	dv_0.83	dv_0.84	dv_0.85	dv_0.86	dv_0.87	dv_0.88	dv_0.89	dv_0.9	dv_0.91	dv_0.92	dv_0.93	dv_0.94	dv_0.95	dv_0.96	dv_0.97	dv_0.98	dv_0.99
49	bunker3	N4351810	N9720811	16.9	0.8305084745999999	59	bunker3 N4351810	12.52	12.666	12.812	12.958	13.104	13.25	13.396	13.542	13.688	13.834	13.98	14.126	14.272	14.418	14.564	14.71	14.856	15.002	15.148	15.294	15.44	15.586	15.732	15.878	16.024	16.17	16.316	16.462	16.608	16.754
48	bunker3	N4351810	N6831977	15.3	0.16949152539999998	59	bunker3 N4351810	14.13	14.169	14.208	14.247	14.286	14.325	14.364	14.403	14.442	14.481	14.52	14.559	14.598	14.637	14.676	14.715	14.754	14.793	14.832	14.871	14.91	14.949	14.988	15.027	15.066	15.105	15.144	15.183	15.222	15.261
11	bunker3	N1657801	N4351810	13.642857999999999	0.4682539683	126	bunker3 N1657801	10.364	10.474	10.583	10.692	10.801	10.911	11.02	11.129	11.239	11.348	11.457	11.566	11.676	11.785	11.894	12.004	12.113	12.222	12.331	12.441	12.55	12.659	12.769	12.878	12.987	13.096	13.206	13.315	13.424	13.534
10	bunker3	N1657801	N7360841	11.928571	0.5317460317	126	bunker3 N1657801	10.107	10.168	10.229	10.289	10.35	10.411	10.471	10.532	10.593	10.654	10.714	10.775	10.836	10.896	10.957	11.018	11.079	11.139	11.2	11.261	11.321	11.382	11.443	11.504	11.564	11.625	11.686	11.746	11.807	11.868
58	cathedral	N7058269	N6051250	16.333332000000002	0.3978494624	93	cathedral N7058269	14.183	14.255	14.327	14.398	14.47	14.542	14.613	14.685	14.757	14.828	14.9	14.972	15.043	15.115	15.187	15.258	15.33	15.402	15.473	15.545	15.617	15.688	15.76	15.832	15.903	15.975	16.047	16.118	16.19	16.262
59	cathedral	N7058269	N6429694	18.666667999999998	0.6021505375999999	93	cathedral N7058269	13.617	13.785	13.953	14.122	14.29	14.458	14.627	14.795	14.963	15.132	15.3	15.468	15.637	15.805	15.973	16.142	16.31	16.478	16.647	16.815	16.983	17.152	17.32	17.488	17.657	17.825	17.993	18.162	18.33	18.498
24	cathedral	N608136	N9813836	14.300001000000002	0.2118644068	118	cathedral N608136	11.18	11.284	11.388	11.492	11.596	11.7	11.804	11.908	12.012	12.116	12.22	12.324	12.428	12.532	12.636	12.74	12.844	12.948	13.052	13.156	13.26	13.364	13.468	13.572	13.676	13.78	13.884	13.988	14.092	14.196
23	cathedral	N608136	N7058269	13.299999	0.7881355931999999	118	cathedral N608136	10.36	10.458	10.556	10.654	10.752	10.85	10.948	11.046	11.144	11.242	11.34	11.438	11.536	11.634	11.732	11.83	11.928	12.026	12.124	12.222	12.32	12.418	12.516	12.614	12.712	12.81	12.908	13.006	13.104	13.202
0	courtyard	N3719219	N990982	6.8	0.7777777778	126	courtyard N3719219	5.42	5.466	5.512	5.558	5.604	5.65	5.696	5.742	5.788	5.834	5.88	5.926	5.972	6.018	6.064	6.11	6.156	6.202	6.248	6.294	6.34	6.386	6.432	6.478	6.524	6.57	6.616	6.662	6.708	6.754
2	courtyard	N990982	N6673600	7.666666499999999	1.0	98	courtyard N990982	5.967	6.023	6.08	6.137	6.193	6.25	6.307	6.363	6.42	6.477	6.533	6.59	6.647	6.703	6.76	6.817	6.873	6.93	6.987	7.043	7.1	7.157	7.213	7.27	7.327	7.383	7.44	7.497	7.553	7.61
1	courtyard	N3719219	N3977188	8.2	0.22222222219999999	126	courtyard N3719219	6.79	6.837	6.884	6.931	6.978	7.025	7.072	7.119	7.166	7.213	7.26	7.307	7.354	7.401	7.448	7.495	7.542	7.589	7.636	7.683	7.73	7.777	7.824	7.871	7.918	7.965	8.012	8.059	8.106	8.153
3	courtyard	N990982	N3622934	14.0	0.0	98	courtyard N990982	12.4	12.453	12.507	12.56	12.613	12.667	12.72	12.773	12.827	12.88	12.933	12.987	13.04	13.093	13.147	13.2	13.253	13.307	13.36	13.413	13.467	13.52	13.573	13.627	13.68	13.733	13.787	13.84	13.893	13.947
4	cubicles	N7210304	N2319363	9.0	0.8492063492	126	cubicles N7210304	6.457	6.541	6.626	6.711	6.796	6.88	6.965	7.05	7.135	7.22	7.304	7.389	7.474	7.559	7.643	7.728	7.813	7.898	7.983	8.067	8.152	8.237	8.322	8.407	8.491	8.576	8.661	8.746	8.83	8.915
84	cubicles	N8892822	N9981263	18.5	0.9285714286	42	cubicles N8892822	13.925	14.078	14.23	14.382	14.535	14.688	14.84	14.993	15.145	15.298	15.45	15.602	15.755	15.908	16.06	16.212	16.365	16.518	16.67	16.822	16.975	17.128	17.28	17.432	17.585	17.738	17.89	18.043	18.195	18.348
35	cubicles	N9487763	N3493111	19.1	0.0	15	cubicles N9487763	14.15	14.315	14.48	14.645	14.81	14.975	15.14	15.305	15.47	15.635	15.8	15.965	16.13	16.295	16.46	16.625	16.79	16.955	17.12	17.285	17.45	17.615	17.78	17.945	18.11	18.275	18.44	18.605	18.77	18.935
34	cubicles	N9487763	N8892822	17.1	0.4	15	cubicles N9487763	12.66	12.808	12.956	13.104	13.252	13.4	13.548	13.696	13.844	13.992	14.14	14.288	14.436	14.584	14.732	14.88	15.028	15.176	15.324	15.472	15.62	15.768	15.916	16.064	16.212	16.36	16.508	16.656	16.804	16.952
33	cubicles	N9487763	N9527877	14.700001	0.6	15	cubicles N9487763	11.61	11.713	11.816	11.919	12.022	12.125	12.228	12.331	12.434	12.537	12.64	12.743	12.846	12.949	13.052	13.155	13.258	13.361	13.464	13.567	13.67	13.773	13.876	13.979	14.082	14.185	14.288	14.391	14.494	14.597
113	cubicles	N9981263	N2053914	20.333332000000002	0.9767441859999999	43	cubicles N9981263	18.033	18.11	18.187	18.263	18.34	18.417	18.493	18.57	18.647	18.723	18.8	18.877	18.953	19.03	19.107	19.183	19.26	19.337	19.413	19.49	19.567	19.643	19.72	19.797	19.873	19.95	20.027	20.103	20.18	20.257
85	cubicles	N8892822	N2137138	19.0	0.0714285714	42	cubicles N8892822	15.55	15.665	15.78	15.895	16.01	16.125	16.24	16.355	16.47	16.585	16.7	16.815	16.93	17.045	17.16	17.275	17.39	17.505	17.62	17.735	17.85	17.965	18.08	18.195	18.31	18.425	18.54	18.655	18.77	18.885
5	cubicles	N7210304	N8435133	10.652175	0.1507936508	126	cubicles N7210304	7.848	7.941	8.035	8.128	8.222	8.315	8.409	8.502	8.596	8.689	8.783	8.876	8.97	9.063	9.157	9.25	9.343	9.437	9.53	9.624	9.717	9.811	9.904	9.998	10.091	10.185	10.278	10.372	10.465	10.559
22	cubicles	N9556533	N4932175	14.642857000000001	0.21052631579999997	19	cubicles N9556533	10.636	10.769	10.903	11.036	11.17	11.304	11.437	11.571	11.704	11.838	11.971	12.105	12.239	12.372	12.506	12.639	12.773	12.906	13.04	13.174	13.307	13.441	13.574	13.708	13.841	13.975	14.109	14.242	14.376	14.509
86	cubicles	N8892822	N5568770	22.5	0.0	42	cubicles N8892822	17.025	17.208	17.39	17.572	17.755	17.938	18.12	18.303	18.485	18.668	18.85	19.032	19.215	19.398	19.58	19.763	19.945	20.128	20.31	20.492	20.675	20.858	21.04	21.222	21.405	21.588	21.77	21.953	22.135	22.318
114	cubicles	N9981263	N2381213	24.999998	0.023255814	43	cubicles N9981263	19.6	19.78	19.96	20.14	20.32	20.5	20.68	20.86	21.04	21.22	21.4	21.58	21.76	21.94	22.12	22.3	22.48	22.66	22.84	23.02	23.2	23.38	23.56	23.74	23.92	24.1	24.28	24.46	24.64	24.82
115	cubicles	N4606479	N7119625	20.333332000000002	0.0	3	cubicles N4606479	18.033	18.11	18.187	18.263	18.34	18.417	18.493	18.57	18.647	18.723	18.8	18.877	18.953	19.03	19.107	19.183	19.26	19.337	19.413	19.49	19.567	19.643	19.72	19.797	19.873	19.95	20.027	20.103	20.18	20.257
116	cubicles	N4606479	N6517911	21.0	1.0	3	cubicles N4606479	16.4	16.553	16.707	16.86	17.013	17.167	17.32	17.473	17.627	17.78	17.933	18.087	18.24	18.393	18.547	18.7	18.853	19.007	19.16	19.313	19.467	19.62	19.773	19.927	20.08	20.233	20.387	20.54	20.693	20.847
61	cubicles	N7167978	N4606479	19.125	0.75	4	cubicles N7167978	14.55	14.702	14.855	15.008	15.16	15.313	15.465	15.618	15.77	15.923	16.075	16.228	16.38	16.532	16.685	16.838	16.99	17.142	17.295	17.448	17.6	17.752	17.905	18.058	18.21	18.362	18.515	18.668	18.82	18.972
7	cubicles	N2319363	N3487541	13.549999	0.0	107	cubicles N2319363	10.235	10.346	10.456	10.567	10.677	10.788	10.898	11.009	11.119	11.23	11.34	11.45	11.561	11.672	11.782	11.893	12.003	12.114	12.224	12.335	12.445	12.556	12.666	12.777	12.887	12.998	13.108	13.219	13.329	13.44
60	cubicles	N7167978	N6349558	16.625	0.25	4	cubicles N7167978	13.888	13.979	14.07	14.161	14.252	14.344	14.435	14.526	14.618	14.709	14.8	14.891	14.982	15.074	15.165	15.256	15.348	15.439	15.53	15.621	15.712	15.804	15.895	15.986	16.078	16.169	16.26	16.351	16.442	16.534
15	cubicles	N117979	N3494734	15.124998999999999	0.3396226415	106	cubicles N117979	11.45	11.573	11.695	11.818	11.94	12.063	12.185	12.308	12.43	12.553	12.675	12.798	12.92	13.042	13.165	13.288	13.41	13.532	13.655	13.778	13.9	14.022	14.145	14.268	14.39	14.513	14.635	14.758	14.88	15.003
14	cubicles	N117979	N2528154	12.625	0.6603773585	106	cubicles N117979	10.488	10.559	10.63	10.701	10.772	10.844	10.915	10.986	11.058	11.129	11.2	11.271	11.342	11.414	11.485	11.556	11.628	11.699	11.77	11.841	11.913	11.984	12.055	12.126	12.198	12.269	12.34	12.411	12.482	12.554
21	cubicles	N9556533	N9487763	13.214286999999999	0.7894736842	19	cubicles N9556533	10.064	10.169	10.274	10.379	10.484	10.589	10.694	10.799	10.904	11.009	11.114	11.219	11.324	11.429	11.534	11.639	11.744	11.849	11.954	12.059	12.164	12.269	12.374	12.479	12.584	12.689	12.794	12.899	13.004	13.109
13	cubicles	N8435133	N4303499	15.499998999999999	0.0	19	cubicles N8435133	11.35	11.488	11.627	11.765	11.903	12.042	12.18	12.318	12.457	12.595	12.733	12.872	13.01	13.148	13.287	13.425	13.563	13.702	13.84	13.978	14.117	14.255	14.393	14.532	14.67	14.808	14.947	15.085	15.223	15.362
12	cubicles	N8435133	N9556533	11.944446000000001	1.0	19	cubicles N8435133	8.861	8.964	9.067	9.169	9.272	9.375	9.478	9.581	9.683	9.786	9.889	9.992	10.094	10.197	10.3	10.403	10.506	10.608	10.711	10.814	10.917	11.019	11.122	11.225	11.328	11.431	11.533	11.636	11.739	11.842
6	cubicles	N2319363	N2367950	9.75	1.0	107	cubicles N2319363	7.215	7.299	7.384	7.468	7.553	7.638	7.722	7.807	7.891	7.976	8.06	8.145	8.229	8.314	8.398	8.482	8.567	8.652	8.736	8.82	8.905	8.99	9.074	9.158	9.243	9.328	9.412	9.497	9.581	9.666
170	garden	N8153414	N6330284	23.2	1.0	27	garden N8153414	18.46	18.618	18.776	18.934	19.092	19.25	19.408	19.566	19.724	19.882	20.04	20.198	20.356	20.514	20.672	20.83	20.988	21.146	21.304	21.462	21.62	21.778	21.936	22.094	22.252	22.41	22.568	22.726	22.884	23.042
171	garden	N8153414	N6675860	26.000002	0.0	27	garden N8153414	20.78	20.954	21.128	21.302	21.476	21.65	21.824	21.998	22.172	22.346	22.52	22.694	22.868	23.042	23.216	23.39	23.564	23.738	23.912	24.086	24.26	24.434	24.608	24.782	24.956	25.13	25.304	25.478	25.652	25.826
72	garden	N7850553	N6320060	18.0	0.6551724138	58	garden N7850553	13.29	13.447	13.604	13.761	13.918	14.075	14.232	14.389	14.546	14.703	14.86	15.017	15.174	15.331	15.488	15.645	15.802	15.959	16.116	16.273	16.43	16.587	16.744	16.901	17.058	17.215	17.372	17.529	17.686	17.843
129	garden	N4613075	N5298440	21.285717	0.5	20	garden N4613075	16.143	16.314	16.486	16.657	16.829	17.0	17.171	17.343	17.514	17.686	17.857	18.029	18.2	18.371	18.543	18.714	18.886	19.057	19.229	19.4	19.571	19.743	19.914	20.086	20.257	20.429	20.6	20.771	20.943	21.114
62	garden	N7603509	N2138712	16.916666	0.84375	32	garden N7603509	12.992	13.123	13.253	13.384	13.515	13.646	13.777	13.908	14.038	14.169	14.3	14.431	14.562	14.692	14.823	14.954	15.085	15.216	15.347	15.478	15.608	15.739	15.87	16.001	16.132	16.263	16.393	16.524	16.655	16.786
73	garden	N7850553	N4613075	18.400002	0.3448275862	58	garden N7850553	14.05	14.195	14.34	14.485	14.63	14.775	14.92	15.065	15.21	15.355	15.5	15.645	15.79	15.935	16.08	16.225	16.37	16.515	16.66	16.805	16.95	17.095	17.24	17.385	17.53	17.675	17.82	17.965	18.11	18.255
134	garden	N9476286	N5061495	21.2	0.6315789474	38	garden N9476286	17.06	17.198	17.336	17.474	17.612	17.75	17.888	18.026	18.164	18.302	18.44	18.578	18.716	18.854	18.992	19.13	19.268	19.406	19.544	19.682	19.82	19.958	20.096	20.234	20.372	20.51	20.648	20.786	20.924	21.062
104	garden	N4747663	N4619086	20.090908	0.5833333333	36	garden N4747663	14.636	14.818	15.0	15.182	15.364	15.545	15.727	15.909	16.091	16.273	16.455	16.636	16.818	17.0	17.182	17.364	17.545	17.727	17.909	18.091	18.273	18.455	18.636	18.818	19.0	19.182	19.364	19.545	19.727	19.909
153	garden	N3123108	N9923259	22.444447	0.8	5	garden N3123108	16.678	16.87	17.062	17.254	17.447	17.639	17.831	18.023	18.216	18.408	18.6	18.792	18.984	19.177	19.369	19.561	19.753	19.946	20.138	20.33	20.522	20.714	20.907	21.099	21.291	21.483	21.676	21.868	22.06	22.252
152	garden	N3123108	N5359231	22.444447	0.2	5	garden N3123108	16.678	16.87	17.062	17.254	17.447	17.639	17.831	18.023	18.216	18.408	18.6	18.792	18.984	19.177	19.369	19.561	19.753	19.946	20.138	20.33	20.522	20.714	20.907	21.099	21.291	21.483	21.676	21.868	22.06	22.252
149	garden	N8246099	N4984823	23.111113	0.0666666667	15	garden N8246099	17.344	17.537	17.729	17.921	18.113	18.306	18.498	18.69	18.882	19.074	19.267	19.459	19.651	19.843	20.036	20.228	20.42	20.612	20.804	20.997	21.189	21.381	21.573	21.766	21.958	22.15	22.342	22.534	22.727	22.919
148	garden	N8246099	N7102836	22.222225	0.0	15	garden N8246099	17.889	18.033	18.178	18.322	18.467	18.611	18.756	18.9	19.044	19.189	19.333	19.478	19.622	19.767	19.911	20.056	20.2	20.344	20.489	20.633	20.778	20.922	21.067	21.211	21.356	21.5	21.644	21.789	21.933	22.078
130	garden	N4613075	N4016530	24.428572	0.0	20	garden N4613075	18.6	18.794	18.989	19.183	19.377	19.571	19.766	19.96	20.154	20.349	20.543	20.737	20.931	21.126	21.32	21.514	21.709	21.903	22.097	22.291	22.486	22.68	22.874	23.069	23.263	23.457	23.651	23.846	24.04	24.234
105	garden	N4747663	N8246099	20.090908	0.4166666667	36	garden N4747663	14.636	14.818	15.0	15.182	15.364	15.545	15.727	15.909	16.091	16.273	16.455	16.636	16.818	17.0	17.182	17.364	17.545	17.727	17.909	18.091	18.273	18.455	18.636	18.818	19.0	19.182	19.364	19.545	19.727	19.909
106	garden	N4747663	N1289190	20.454544	0.0	36	garden N4747663	15.791	15.946	16.102	16.257	16.413	16.568	16.724	16.879	17.035	17.19	17.345	17.501	17.656	17.812	17.967	18.123	18.278	18.434	18.589	18.745	18.9	19.055	19.211	19.366	19.522	19.677	19.833	19.988	20.144	20.299
107	garden	N4747663	N5433401	21.181818	0.0	36	garden N4747663	15.564	15.751	15.938	16.125	16.313	16.5	16.687	16.875	17.062	17.249	17.436	17.624	17.811	17.998	18.185	18.373	18.56	18.747	18.935	19.122	19.309	19.496	19.684	19.871	20.058	20.245	20.433	20.62	20.807	20.995
137	garden	N4210096	N7830461	22.0	0.3703703704	27	garden N4210096	17.62	17.766	17.912	18.058	18.204	18.35	18.496	18.642	18.788	18.934	19.08	19.226	19.372	19.518	19.664	19.81	19.956	20.102	20.248	20.394	20.54	20.686	20.832	20.978	21.124	21.27	21.416	21.562	21.708	21.854
136	garden	N4210096	N7991449	21.2	0.6296296296	27	garden N4210096	17.06	17.198	17.336	17.474	17.612	17.75	17.888	18.026	18.164	18.302	18.44	18.578	18.716	18.854	18.992	19.13	19.268	19.406	19.544	19.682	19.82	19.958	20.096	20.234	20.372	20.51	20.648	20.786	20.924	21.062
135	garden	N9476286	N9813497	22.0	0.36842105259999997	38	garden N9476286	17.62	17.766	17.912	18.058	18.204	18.35	18.496	18.642	18.788	18.934	19.08	19.226	19.372	19.518	19.664	19.81	19.956	20.102	20.248	20.394	20.54	20.686	20.832	20.978	21.124	21.27	21.416	21.562	21.708	21.854
154	garden	N3123108	N3458250	22.88889	0.0	5	garden N3123108	18.356	18.507	18.658	18.809	18.96	19.111	19.262	19.413	19.564	19.716	19.867	20.018	20.169	20.32	20.471	20.622	20.773	20.924	21.076	21.227	21.378	21.529	21.68	21.831	21.982	22.133	22.284	22.436	22.587	22.738
147	garden	N8246099	N7340845	22.222220999999998	0.9333333333	15	garden N8246099	16.522	16.712	16.902	17.092	17.282	17.472	17.662	17.852	18.042	18.232	18.422	18.612	18.802	18.992	19.182	19.372	19.562	19.752	19.942	20.132	20.322	20.512	20.702	20.892	21.082	21.272	21.462	21.652	21.842	22.032
63	garden	N7603509	N3123108	20.083336	0.15625	32	garden N7603509	15.033	15.202	15.37	15.538	15.707	15.875	16.043	16.212	16.38	16.548	16.717	16.885	17.053	17.222	17.39	17.558	17.727	17.895	18.063	18.232	18.4	18.568	18.737	18.905	19.073	19.242	19.41	19.578	19.747	19.915
128	garden	N4613075	N8153414	20.714287	0.5	20	garden N4613075	15.743	15.909	16.074	16.24	16.406	16.571	16.737	16.903	17.069	17.234	17.4	17.566	17.731	17.897	18.063	18.229	18.394	18.56	18.726	18.891	19.057	19.223	19.389	19.554	19.72	19.886	20.051	20.217	20.383	20.549
42	garden	N5115068	N4747663	17.714285	0.2857142857	126	garden N5115068	12.979	13.136	13.294	13.452	13.61	13.768	13.926	14.084	14.241	14.399	14.557	14.715	14.873	15.031	15.189	15.346	15.504	15.662	15.82	15.978	16.136	16.294	16.451	16.609	16.767	16.925	17.083	17.241	17.399	17.556
185	garden	N5359231	N8342286	24.714287	0.0	25	garden N5359231	20.986	21.11	21.234	21.359	21.483	21.607	21.731	21.856	21.98	22.104	22.229	22.353	22.477	22.601	22.726	22.85	22.974	23.099	23.223	23.347	23.471	23.596	23.72	23.844	23.969	24.093	24.217	24.341	24.466	24.59
186	garden	N4984823	N3931278	24.714287	1.0	1	garden N4984823	20.986	21.11	21.234	21.359	21.483	21.607	21.731	21.856	21.98	22.104	22.229	22.353	22.477	22.601	22.726	22.85	22.974	23.099	23.223	23.347	23.471	23.596	23.72	23.844	23.969	24.093	24.217	24.341	24.466	24.59
187	garden	N4984823	N5039419	30.714287	0.0	1	garden N4984823	23.6	23.837	24.074	24.311	24.549	24.786	25.023	25.26	25.497	25.734	25.971	26.209	26.446	26.683	26.92	27.157	27.394	27.631	27.869	28.106	28.343	28.58	28.817	29.054	29.291	29.529	29.766	30.003	30.24	30.477
41	garden	N5115068	N7603509	15.571428	0.253968254	126	garden N5115068	11.221	11.366	11.511	11.656	11.801	11.946	12.091	12.236	12.381	12.526	12.671	12.816	12.961	13.106	13.251	13.396	13.541	13.686	13.831	13.976	14.121	14.266	14.411	14.556	14.701	14.846	14.991	15.136	15.281	15.426
40	garden	N5115068	N7850553	15.000001000000001	0.46031746030000004	126	garden N5115068	11.143	11.271	11.4	11.529	11.657	11.786	11.914	12.043	12.171	12.3	12.429	12.557	12.686	12.814	12.943	13.071	13.2	13.329	13.457	13.586	13.714	13.843	13.971	14.1	14.229	14.357	14.486	14.614	14.743	14.871
184	garden	N5359231	N1983367	24.714287	1.0	25	garden N5359231	18.886	19.08	19.274	19.469	19.663	19.857	20.051	20.246	20.44	20.634	20.829	21.023	21.217	21.411	21.606	21.8	21.994	22.189	22.383	22.577	22.771	22.966	23.16	23.354	23.549	23.743	23.937	24.131	24.326	24.52
156	ikea	N2396034	N239392	23.5	0.0	2	ikea N2396034	17.987	18.171	18.355	18.539	18.722	18.906	19.09	19.274	19.458	19.641	19.825	20.009	20.192	20.376	20.56	20.744	20.928	21.111	21.295	21.479	21.662	21.846	22.03	22.214	22.397	22.581	22.765	22.949	23.132	23.316
155	ikea	N2396034	N5268104	22.5	1.0	2	ikea N2396034	17.212	17.389	17.565	17.741	17.917	18.094	18.27	18.446	18.622	18.799	18.975	19.151	19.328	19.504	19.68	19.856	20.032	20.209	20.385	20.561	20.738	20.914	21.09	21.266	21.442	21.619	21.795	21.971	22.148	22.324
94	ikea	N4486578	N2531862	19.5	0.9848484848000001	66	ikea N4486578	18.4	18.437	18.473	18.51	18.547	18.583	18.62	18.657	18.693	18.73	18.767	18.803	18.84	18.877	18.913	18.95	18.987	19.023	19.06	19.097	19.133	19.17	19.207	19.243	19.28	19.317	19.353	19.39	19.427	19.463
95	ikea	N4486578	N132046	22.5	0.0151515152	66	ikea N4486578	17.8	17.957	18.113	18.27	18.427	18.583	18.74	18.897	19.053	19.21	19.367	19.523	19.68	19.837	19.993	20.15	20.307	20.463	20.62	20.777	20.933	21.09	21.247	21.403	21.56	21.717	21.873	22.03	22.187	22.343
96	ikea	N4631048	N9016413	19.500002	0.9473684211	38	ikea N4631048	15.525	15.657	15.79	15.922	16.055	16.188	16.32	16.452	16.585	16.718	16.85	16.982	17.115	17.248	17.38	17.512	17.645	17.778	17.91	18.042	18.175	18.307	18.44	18.572	18.705	18.838	18.97	19.102	19.235	19.368
98	ikea	N4631048	N5861572	23.166666	0.052631578899999996	38	ikea N4631048	17.042	17.246	17.45	17.654	17.858	18.062	18.267	18.471	18.675	18.879	19.083	19.287	19.492	19.696	19.9	20.104	20.308	20.512	20.717	20.921	21.125	21.329	21.533	21.738	21.942	22.146	22.35	22.554	22.758	22.963
83	ikea	N100354	N1400368	19.5	0.164556962	79	ikea N100354	14.887	15.041	15.195	15.349	15.502	15.656	15.81	15.964	16.118	16.271	16.425	16.579	16.732	16.886	17.04	17.194	17.348	17.501	17.655	17.809	17.962	18.116	18.27	18.424	18.578	18.731	18.885	19.039	19.192	19.346
32	ikea	N9812190	N1448237	16.105263	0.373015873	126	ikea N9812190	12.047	12.183	12.318	12.453	12.588	12.724	12.859	12.994	13.129	13.265	13.4	13.535	13.671	13.806	13.941	14.076	14.212	14.347	14.482	14.617	14.753	14.888	15.023	15.158	15.294	15.429	15.564	15.699	15.835	15.97
31	ikea	N9812190	N6109064	14.526314999999999	0.6269841270000001	126	ikea N9812190	11.1	11.214	11.328	11.443	11.557	11.671	11.785	11.899	12.014	12.128	12.242	12.356	12.471	12.585	12.699	12.813	12.927	13.042	13.156	13.27	13.384	13.498	13.613	13.727	13.841	13.955	14.069	14.184	14.298	14.412
120	ikea	N1400368	N9676480	20.5	0.9230769231	13	ikea N1400368	19.35	19.388	19.427	19.465	19.503	19.542	19.58	19.618	19.657	19.695	19.733	19.772	19.81	19.848	19.887	19.925	19.963	20.002	20.04	20.078	20.117	20.155	20.193	20.232	20.27	20.308	20.347	20.385	20.423	20.462
121	ikea	N1400368	N2021230	23.5	0.0769230769	13	ikea N1400368	18.6	18.763	18.927	19.09	19.253	19.417	19.58	19.743	19.907	20.07	20.233	20.397	20.56	20.723	20.887	21.05	21.213	21.377	21.54	21.703	21.867	22.03	22.193	22.357	22.52	22.683	22.847	23.01	23.173	23.337
133	ikea	N234416	N9299941	23.666666	0.0	7	ikea N234416	17.442	17.649	17.857	18.064	18.272	18.479	18.687	18.894	19.102	19.309	19.517	19.724	19.932	20.139	20.347	20.554	20.762	20.969	21.177	21.384	21.592	21.799	22.007	22.214	22.422	22.629	22.837	23.044	23.252	23.459
132	ikea	N234416	N6099980	23.666666	0.0	7	ikea N234416	19.542	19.679	19.817	19.954	20.092	20.229	20.367	20.504	20.642	20.779	20.917	21.054	21.192	21.329	21.467	21.604	21.742	21.879	22.017	22.154	22.292	22.429	22.567	22.704	22.842	22.979	23.117	23.254	23.392	23.529
131	ikea	N234416	N3896859	21.0	1.0	7	ikea N234416	16.7	16.843	16.987	17.13	17.273	17.417	17.56	17.703	17.847	17.99	18.133	18.277	18.42	18.563	18.707	18.85	18.993	19.137	19.28	19.423	19.567	19.71	19.853	19.997	20.14	20.283	20.427	20.57	20.713	20.857
97	ikea	N4631048	N6560058	22.166667999999998	0.0	38	ikea N4631048	18.192	18.324	18.457	18.589	18.722	18.854	18.987	19.119	19.252	19.384	19.517	19.649	19.782	19.914	20.047	20.179	20.312	20.444	20.577	20.709	20.842	20.974	21.107	21.239	21.372	21.504	21.637	21.769	21.902	22.034
82	ikea	N100354	N4486578	18.5	0.835443038	79	ikea N100354	14.112	14.259	14.405	14.551	14.697	14.844	14.99	15.136	15.282	15.429	15.575	15.721	15.868	16.014	16.16	16.306	16.452	16.599	16.745	16.891	17.038	17.184	17.33	17.476	17.622	17.769	17.915	18.061	18.208	18.354
181	ikea	N5861572	N8432610	27.3	0.3333333333	3	ikea N5861572	23.4	23.53	23.66	23.79	23.92	24.05	24.18	24.31	24.44	24.57	24.7	24.83	24.96	25.09	25.22	25.35	25.48	25.61	25.74	25.87	26.0	26.13	26.26	26.39	26.52	26.65	26.78	26.91	27.04	27.17
191	ikea	N9299941	N4612840	24.900002	1.0	1	ikea N9299941	19.89	20.057	20.224	20.391	20.558	20.725	20.892	21.059	21.226	21.393	21.56	21.727	21.894	22.061	22.228	22.395	22.562	22.729	22.896	23.063	23.23	23.397	23.564	23.731	23.898	24.065	24.232	24.399	24.566	24.733
79	ikea	N1448237	N234416	19.785715	0.1489361702	47	ikea N1448237	14.386	14.566	14.746	14.926	15.106	15.286	15.466	15.646	15.826	16.006	16.186	16.366	16.546	16.726	16.906	17.086	17.266	17.446	17.626	17.806	17.986	18.166	18.346	18.526	18.706	18.886	19.066	19.246	19.426	19.606
78	ikea	N1448237	N2396034	18.785713	0.042553191500000004	47	ikea N1448237	14.929	15.057	15.186	15.314	15.443	15.571	15.7	15.829	15.957	16.086	16.214	16.343	16.471	16.6	16.729	16.857	16.986	17.114	17.243	17.371	17.5	17.629	17.757	17.886	18.014	18.143	18.271	18.4	18.529	18.657
77	ikea	N1448237	N4631048	18.357143	0.8085106383	47	ikea N1448237	13.343	13.51	13.677	13.844	14.011	14.179	14.346	14.513	14.68	14.847	15.014	15.181	15.349	15.516	15.683	15.85	16.017	16.184	16.351	16.519	16.686	16.853	17.02	17.187	17.354	17.521	17.689	17.856	18.023	18.19
180	ikea	N5861572	N4207326	24.5	0.6666666667	3	ikea N5861572	19.49	19.657	19.824	19.991	20.158	20.325	20.492	20.659	20.826	20.993	21.16	21.327	21.494	21.661	21.828	21.995	22.162	22.329	22.496	22.663	22.83	22.997	23.164	23.331	23.498	23.665	23.832	23.999	24.166	24.333
192	ikea	N9299941	N1515191	27.3	0.0	1	ikea N9299941	23.4	23.53	23.66	23.79	23.92	24.05	24.18	24.31	24.44	24.57	24.7	24.83	24.96	25.09	25.22	25.35	25.48	25.61	25.74	25.87	26.0	26.13	26.26	26.39	26.52	26.65	26.78	26.91	27.04	27.17
172	ikea	N5268104	N386561	23.5	1.0	2	ikea N5268104	22.2	22.243	22.287	22.33	22.373	22.417	22.46	22.503	22.547	22.59	22.633	22.677	22.72	22.763	22.807	22.85	22.893	22.937	22.98	23.023	23.067	23.11	23.153	23.197	23.24	23.283	23.327	23.37	23.413	23.457
173	ikea	N5268104	N7542936	26.5	0.0	2	ikea N5268104	21.0	21.183	21.367	21.55	21.733	21.917	22.1	22.283	22.467	22.65	22.833	23.017	23.2	23.383	23.567	23.75	23.933	24.117	24.3	24.483	24.667	24.85	25.033	25.217	25.4	25.583	25.767	25.95	26.133	26.317
143	lab	N7839123	N6747577	22.142857	0.7	20	lab N7839123	16.1	16.301	16.503	16.704	16.906	17.107	17.309	17.51	17.711	17.913	18.114	18.316	18.517	18.719	18.92	19.121	19.323	19.524	19.726	19.927	20.129	20.33	20.531	20.733	20.934	21.136	21.337	21.539	21.74	21.941
142	lab	N7839123	N3878758	21.857143	0.3	20	lab N7839123	16.543	16.72	16.897	17.074	17.251	17.429	17.606	17.783	17.96	18.137	18.314	18.491	18.669	18.846	19.023	19.2	19.377	19.554	19.731	19.909	20.086	20.263	20.44	20.617	20.794	20.971	21.149	21.326	21.503	21.68
207	lab	N9798875	N8488385	31.2	0.0	5	lab N9798875	25.02	25.226	25.432	25.638	25.844	26.05	26.256	26.462	26.668	26.874	27.08	27.286	27.492	27.698	27.904	28.11	28.316	28.522	28.728	28.934	29.14	29.346	29.552	29.758	29.964	30.17	30.376	30.582	30.788	30.994
208	lab	N239923	N1797478	28.833332000000002	0.2941176471	17	lab N239923	25.683	25.788	25.893	25.998	26.103	26.208	26.313	26.418	26.523	26.628	26.733	26.838	26.943	27.048	27.153	27.258	27.363	27.468	27.573	27.678	27.783	27.888	27.993	28.098	28.203	28.308	28.413	28.518	28.623	28.728
209	lab	N239923	N9684539	30.166664	0.7058823529000001	17	lab N239923	23.867	24.077	24.287	24.497	24.707	24.917	25.127	25.337	25.547	25.757	25.967	26.177	26.387	26.597	26.807	27.017	27.227	27.437	27.647	27.857	28.067	28.277	28.487	28.697	28.907	29.117	29.327	29.537	29.747	29.957
210	lab	N3936820	N4841925	28.833332000000002	0.2666666667	30	lab N3936820	25.683	25.788	25.893	25.998	26.103	26.208	26.313	26.418	26.523	26.628	26.733	26.838	26.943	27.048	27.153	27.258	27.363	27.468	27.573	27.678	27.783	27.888	27.993	28.098	28.203	28.308	28.413	28.518	28.623	28.728
211	lab	N3936820	N7852858	30.166664	0.7333333333	30	lab N3936820	23.867	24.077	24.287	24.497	24.707	24.917	25.127	25.337	25.547	25.757	25.967	26.177	26.387	26.597	26.807	27.017	27.227	27.437	27.647	27.857	28.067	28.277	28.487	28.697	28.907	29.117	29.327	29.537	29.747	29.957
212	lab	N1930098	N1501992	29.0	0.8888888889	9	lab N1930098	24.125	24.288	24.45	24.612	24.775	24.938	25.1	25.263	25.425	25.588	25.75	25.912	26.075	26.237	26.4	26.562	26.725	26.888	27.05	27.212	27.375	27.538	27.7	27.862	28.025	28.188	28.35	28.512	28.675	28.838
164	lab	N63617	N242960	23.7	0.0	17	lab N63617	18.69	18.857	19.024	19.191	19.358	19.525	19.692	19.859	20.026	20.193	20.36	20.527	20.694	20.861	21.028	21.195	21.362	21.529	21.696	21.863	22.03	22.197	22.364	22.531	22.698	22.865	23.032	23.199	23.366	23.533
144	lab	N7839123	N4211456	25.0	0.0	20	lab N7839123	19.0	19.2	19.4	19.6	19.8	20.0	20.2	20.4	20.6	20.8	21.0	21.2	21.4	21.6	21.8	22.0	22.2	22.4	22.6	22.8	23.0	23.2	23.4	23.6	23.8	24.0	24.2	24.4	24.6	24.8
214	lab	N5408887	N441665	31.2	0.0	1	lab N5408887	25.02	25.226	25.432	25.638	25.844	26.05	26.256	26.462	26.668	26.874	27.08	27.286	27.492	27.698	27.904	28.11	28.316	28.522	28.728	28.934	29.14	29.346	29.552	29.758	29.964	30.17	30.376	30.582	30.788	30.994
179	lab	N5745806	N7444307	25.11111	0.0322580645	31	lab N5745806	18.878	19.086	19.293	19.501	19.709	19.917	20.124	20.332	20.54	20.748	20.956	21.163	21.371	21.579	21.787	21.994	22.202	22.41	22.618	22.826	23.033	23.241	23.449	23.657	23.864	24.072	24.28	24.488	24.696	24.903
190	lab	N3878758	N3706462	27.2	0.0	6	lab N3878758	21.62	21.806	21.992	22.178	22.364	22.55	22.736	22.922	23.108	23.294	23.48	23.666	23.852	24.038	24.224	24.41	24.596	24.782	24.968	25.154	25.34	25.526	25.712	25.898	26.084	26.27	26.456	26.642	26.828	27.014
189	lab	N3878758	N8861539	25.6	0.0	6	lab N3878758	19.0	19.22	19.44	19.66	19.88	20.1	20.32	20.54	20.76	20.98	21.2	21.42	21.64	21.86	22.08	22.3	22.52	22.74	22.96	23.18	23.4	23.62	23.84	24.06	24.28	24.5	24.72	24.94	25.16	25.38
188	lab	N3878758	N6463419	24.8	1.0	6	lab N3878758	18.32	18.536	18.752	18.968	19.184	19.4	19.616	19.832	20.048	20.264	20.48	20.696	20.912	21.128	21.344	21.56	21.776	21.992	22.208	22.424	22.64	22.856	23.072	23.288	23.504	23.72	23.936	24.152	24.368	24.584
215	lab	N5408887	N5399461	34.0	1.0	1	lab N5408887	27.34	27.562	27.784	28.006	28.228	28.45	28.672	28.894	29.116	29.338	29.56	29.782	30.004	30.226	30.448	30.67	30.892	31.114	31.336	31.558	31.78	32.002	32.224	32.446	32.668	32.89	33.112	33.334	33.556	33.778
213	lab	N1930098	N2539902	33.0	0.11111111109999999	9	lab N1930098	25.2	25.46	25.72	25.98	26.24	26.5	26.76	27.02	27.28	27.54	27.8	28.06	28.32	28.58	28.84	29.1	29.36	29.62	29.88	30.14	30.4	30.66	30.92	31.18	31.44	31.7	31.96	32.22	32.48	32.74
206	lab	N9798875	N5984201	28.0	1.0	5	lab N9798875	22.42	22.606	22.792	22.978	23.164	23.35	23.536	23.722	23.908	24.094	24.28	24.466	24.652	24.838	25.024	25.21	25.396	25.582	25.768	25.954	26.14	26.326	26.512	26.698	26.884	27.07	27.256	27.442	27.628	27.814
178	lab	N5745806	N9798875	24.222223	0.0	31	lab N5745806	19.556	19.711	19.867	20.022	20.178	20.333	20.489	20.644	20.8	20.956	21.111	21.267	21.422	21.578	21.733	21.889	22.044	22.2	22.356	22.511	22.667	22.822	22.978	23.133	23.289	23.444	23.6	23.756	23.911	24.067
202	lab	N7646124	N1142105	28.285713	0.0	17	lab N7646124	24.171	24.309	24.446	24.583	24.72	24.857	24.994	25.131	25.269	25.406	25.543	25.68	25.817	25.954	26.091	26.229	26.366	26.503	26.64	26.777	26.914	27.051	27.189	27.326	27.463	27.6	27.737	27.874	28.011	28.149
166	lab	N63617	N6241308	24.5	0.0	17	lab N63617	18.2	18.41	18.62	18.83	19.04	19.25	19.46	19.67	19.88	20.09	20.3	20.51	20.72	20.93	21.14	21.35	21.56	21.77	21.98	22.19	22.4	22.61	22.82	23.03	23.24	23.45	23.66	23.87	24.08	24.29
194	lab	N2601690	N7646124	26.249997999999998	0.8947368420999999	19	lab N2601690	19.05	19.29	19.53	19.77	20.01	20.25	20.49	20.73	20.97	21.21	21.45	21.69	21.93	22.17	22.41	22.65	22.89	23.13	23.37	23.61	23.85	24.09	24.33	24.57	24.81	25.05	25.29	25.53	25.77	26.01
163	lab	N63617	N5745806	22.9	1.0	17	lab N63617	16.36	16.578	16.796	17.014	17.232	17.45	17.668	17.886	18.104	18.322	18.54	18.758	18.976	19.194	19.412	19.63	19.848	20.066	20.284	20.502	20.72	20.938	21.156	21.374	21.592	21.81	22.028	22.246	22.464	22.682
162	lab	N3633749	N9447532	23.777779000000002	0.0	13	lab N3633749	17.811	18.01	18.209	18.408	18.607	18.806	19.004	19.203	19.402	19.601	19.8	19.999	20.198	20.397	20.596	20.794	20.993	21.192	21.391	21.59	21.789	21.988	22.187	22.386	22.584	22.783	22.982	23.181	23.38	23.579
161	lab	N3633749	N2601690	23.777779000000002	1.0	13	lab N3633749	17.044	17.269	17.493	17.718	17.942	18.167	18.391	18.616	18.84	19.064	19.289	19.513	19.738	19.962	20.187	20.411	20.636	20.86	21.084	21.309	21.533	21.758	21.982	22.207	22.431	22.656	22.88	23.104	23.329	23.553
160	lab	N3633749	N752499	23.777777	0.0	13	lab N3633749	17.111	17.333	17.556	17.778	18.0	18.222	18.444	18.667	18.889	19.111	19.333	19.556	19.778	20.0	20.222	20.444	20.667	20.889	21.111	21.333	21.556	21.778	22.0	22.222	22.444	22.667	22.889	23.111	23.333	23.556
193	lab	N2601690	N1930098	25.25	0.052631578899999996	19	lab N2601690	20.9	21.045	21.19	21.335	21.48	21.625	21.77	21.915	22.06	22.205	22.35	22.495	22.64	22.785	22.93	23.075	23.22	23.365	23.51	23.655	23.8	23.945	24.09	24.235	24.38	24.525	24.67	24.815	24.96	25.105
174	lab	N6747577	N7985505	23.5	1.0	14	lab N6747577	17.2	17.41	17.62	17.83	18.04	18.25	18.46	18.67	18.88	19.09	19.3	19.51	19.72	19.93	20.14	20.35	20.56	20.77	20.98	21.19	21.4	21.61	21.82	22.03	22.24	22.45	22.66	22.87	23.08	23.29
175	lab	N6747577	N1618589	25.5	0.0	14	lab N6747577	19.7	19.893	20.087	20.28	20.473	20.667	20.86	21.053	21.247	21.44	21.633	21.827	22.02	22.213	22.407	22.6	22.793	22.987	23.18	23.373	23.567	23.76	23.953	24.147	24.34	24.533	24.727	24.92	25.113	25.307
176	lab	N6747577	N7823548	27.833332000000002	0.0	14	lab N6747577	21.633	21.84	22.047	22.253	22.46	22.667	22.873	23.08	23.287	23.493	23.7	23.907	24.113	24.32	24.527	24.733	24.94	25.147	25.353	25.56	25.767	25.973	26.18	26.387	26.593	26.8	27.007	27.213	27.42	27.627
195	lab	N2601690	N124975	26.25	0.052631578899999996	19	lab N2601690	19.987	20.196	20.405	20.614	20.822	21.031	21.24	21.449	21.658	21.866	22.075	22.284	22.492	22.701	22.91	23.119	23.328	23.536	23.745	23.954	24.162	24.371	24.58	24.789	24.998	25.206	25.415	25.624	25.833	26.041
198	lab	N1113507	N8238657	26.42857	0.0	30	lab N1113507	22.529	22.659	22.789	22.919	23.049	23.179	23.309	23.439	23.569	23.699	23.829	23.959	24.089	24.219	24.349	24.479	24.609	24.739	24.869	24.999	25.129	25.259	25.389	25.519	25.649	25.779	25.909	26.039	26.169	26.299
199	lab	N1113507	N3936820	27.285713	1.0	30	lab N1113507	19.871	20.119	20.366	20.613	20.86	21.107	21.354	21.601	21.849	22.096	22.343	22.59	22.837	23.084	23.331	23.579	23.826	24.073	24.32	24.567	24.814	25.061	25.309	25.556	25.803	26.05	26.297	26.544	26.791	27.039
200	lab	N1113507	N661854	27.57143	0.0	30	lab N1113507	21.314	21.523	21.731	21.94	22.149	22.357	22.566	22.774	22.983	23.191	23.4	23.609	23.817	24.026	24.234	24.443	24.651	24.86	25.069	25.277	25.486	25.694	25.903	26.111	26.32	26.529	26.737	26.946	27.154	27.363
177	lab	N5745806	N1113507	24.222220999999998	0.9677419355	31	lab N5745806	18.056	18.261	18.467	18.672	18.878	19.083	19.289	19.494	19.7	19.906	20.111	20.317	20.522	20.728	20.933	21.139	21.344	21.55	21.756	21.961	22.167	22.372	22.578	22.783	22.989	23.194	23.4	23.606	23.811	24.017
165	lab	N63617	N2927853	23.9	0.0	17	lab N63617	17.6	17.81	18.02	18.23	18.44	18.65	18.86	19.07	19.28	19.49	19.7	19.91	20.12	20.33	20.54	20.75	20.96	21.17	21.38	21.59	21.8	22.01	22.22	22.43	22.64	22.85	23.06	23.27	23.48	23.69
201	lab	N7646124	N239923	27.42857	1.0	17	lab N7646124	20.014	20.261	20.509	20.756	21.003	21.25	21.497	21.744	21.991	22.239	22.486	22.733	22.98	23.227	23.474	23.721	23.969	24.216	24.463	24.71	24.957	25.204	25.451	25.699	25.946	26.193	26.44	26.687	26.934	27.181
203	lab	N7646124	N3814011	29.428573999999998	0.0	17	lab N7646124	22.786	23.007	23.229	23.45	23.671	23.893	24.114	24.336	24.557	24.779	25.0	25.221	25.443	25.664	25.886	26.107	26.329	26.55	26.771	26.993	27.214	27.436	27.657	27.879	28.1	28.321	28.543	28.764	28.986	29.207
159	lab	N3633749	N9315520	22.88889	0.0	13	lab N3633749	18.356	18.507	18.658	18.809	18.96	19.111	19.262	19.413	19.564	19.716	19.867	20.018	20.169	20.32	20.471	20.622	20.773	20.924	21.076	21.227	21.378	21.529	21.68	21.831	21.982	22.133	22.284	22.436	22.587	22.738
217	lab	N2539902	N5384883	38.0	0.0	1	lab N2539902	33.7	33.843	33.987	34.13	34.273	34.417	34.56	34.703	34.847	34.99	35.133	35.277	35.42	35.563	35.707	35.85	35.993	36.137	36.28	36.423	36.567	36.71	36.853	36.997	37.14	37.283	37.427	37.57	37.713	37.857
126	lab	N4538173	N2899302	21.545456	0.0	30	lab N4538173	15.818	16.009	16.2	16.391	16.582	16.773	16.964	17.155	17.345	17.536	17.727	17.918	18.109	18.3	18.491	18.682	18.873	19.064	19.255	19.445	19.636	19.827	20.018	20.209	20.4	20.591	20.782	20.973	21.164	21.355
43	lab	N8548928	N9935630	15.076923	0.4841269841	126	lab N8548928	11.246	11.374	11.502	11.629	11.757	11.885	12.012	12.14	12.268	12.395	12.523	12.651	12.778	12.906	13.034	13.162	13.289	13.417	13.545	13.672	13.8	13.928	14.055	14.183	14.311	14.438	14.566	14.694	14.822	14.949
127	lab	N4538173	N63617	21.72727	0.5666666667	30	lab N4538173	15.482	15.69	15.898	16.106	16.315	16.523	16.731	16.939	17.147	17.355	17.564	17.772	17.98	18.188	18.396	18.605	18.813	19.021	19.229	19.437	19.645	19.854	20.062	20.27	20.478	20.686	20.895	21.103	21.311	21.519
216	lab	N2539902	N3230902	34.666664000000004	1.0	1	lab N2539902	27.167	27.417	27.667	27.917	28.167	28.417	28.667	28.917	29.167	29.417	29.667	29.917	30.167	30.417	30.667	30.917	31.167	31.417	31.667	31.917	32.167	32.417	32.667	32.917	33.167	33.417	33.667	33.917	34.167	34.417
44	lab	N8548928	N2655524	15.692307000000001	0.2777777778	126	lab N8548928	11.331	11.476	11.622	11.767	11.912	12.058	12.203	12.348	12.494	12.639	12.785	12.93	13.075	13.221	13.366	13.512	13.657	13.802	13.948	14.093	14.238	14.384	14.529	14.675	14.82	14.965	15.111	15.256	15.402	15.547
45	lab	N8548928	N4538173	18.76923	0.2380952381	126	lab N8548928	13.531	13.705	13.88	14.055	14.229	14.404	14.578	14.753	14.928	15.102	15.277	15.452	15.626	15.801	15.975	16.15	16.325	16.499	16.674	16.848	17.023	17.198	17.372	17.547	17.722	17.896	18.071	18.245	18.42	18.595
125	lab	N4538173	N6476882	20.818182	0.0	30	lab N4538173	16.045	16.205	16.364	16.523	16.682	16.841	17.0	17.159	17.318	17.477	17.636	17.795	17.955	18.114	18.273	18.432	18.591	18.75	18.909	19.068	19.227	19.386	19.545	19.705	19.864	20.023	20.182	20.341	20.5	20.659
124	lab	N4538173	N3633749	20.636364	0.43333333329999996	30	lab N4538173	15.018	15.205	15.393	15.58	15.767	15.955	16.142	16.329	16.516	16.704	16.891	17.078	17.265	17.453	17.64	17.827	18.015	18.202	18.389	18.576	18.764	18.951	19.138	19.325	19.513	19.7	19.887	20.075	20.262	20.449
80	lab	N9935630	N9994475	18.444445	0.6721311475	61	lab N9935630	13.678	13.837	13.996	14.154	14.313	14.472	14.631	14.79	14.949	15.108	15.267	15.426	15.584	15.743	15.902	16.061	16.22	16.379	16.538	16.697	16.856	17.014	17.173	17.332	17.491	17.65	17.809	17.968	18.127	18.286
81	lab	N9935630	N7839123	19.777779000000002	0.3278688525	61	lab N9935630	14.678	14.848	15.018	15.188	15.358	15.528	15.698	15.868	16.038	16.208	16.378	16.548	16.718	16.888	17.058	17.228	17.398	17.568	17.738	17.908	18.078	18.248	18.418	18.588	18.758	18.928	19.098	19.268	19.438	19.608
17	labyrinth3	N8899359	N5316967	13.090910000000001	0.380952381	126	labyrinth3 N8899359	10.255	10.349	10.444	10.538	10.633	10.727	10.822	10.916	11.011	11.105	11.2	11.295	11.389	11.484	11.578	11.673	11.767	11.862	11.956	12.051	12.145	12.24	12.335	12.429	12.524	12.618	12.713	12.807	12.902	12.996
46	labyrinth3	N8858377	N4938213	15.166667000000002	0.6304347826	46	labyrinth3 N8858377	13.417	13.475	13.533	13.592	13.65	13.708	13.767	13.825	13.883	13.942	14.0	14.058	14.117	14.175	14.233	14.292	14.35	14.408	14.467	14.525	14.583	14.642	14.7	14.758	14.817	14.875	14.933	14.992	15.05	15.108
47	labyrinth3	N8858377	N1078752	16.5	0.36956521740000003	46	labyrinth3 N8858377	12.9	13.02	13.14	13.26	13.38	13.5	13.62	13.74	13.86	13.98	14.1	14.22	14.34	14.46	14.58	14.7	14.82	14.94	15.06	15.18	15.3	15.42	15.54	15.66	15.78	15.9	16.02	16.14	16.26	16.38
37	labyrinth3	N5316967	N8407469	16.571428	0.3541666667	48	labyrinth3 N5316967	12.757	12.884	13.011	13.139	13.266	13.393	13.52	13.647	13.774	13.901	14.029	14.156	14.283	14.41	14.537	14.664	14.791	14.919	15.046	15.173	15.3	15.427	15.554	15.681	15.809	15.936	16.063	16.19	16.317	16.444
36	labyrinth3	N5316967	N4592326	14.857142999999999	0.6458333333	48	labyrinth3 N5316967	13.357	13.407	13.457	13.507	13.557	13.607	13.657	13.707	13.757	13.807	13.857	13.907	13.957	14.007	14.057	14.107	14.157	14.207	14.257	14.307	14.357	14.407	14.457	14.507	14.557	14.607	14.657	14.707	14.757	14.807
18	labyrinth3	N8899359	N7730376	14.545454000000001	0.253968254	126	labyrinth3 N8899359	10.7	10.828	10.956	11.085	11.213	11.341	11.469	11.597	11.725	11.854	11.982	12.11	12.238	12.366	12.495	12.623	12.751	12.879	13.007	13.135	13.264	13.392	13.52	13.648	13.776	13.905	14.033	14.161	14.289	14.417
16	labyrinth3	N8899359	N8858377	12.727272	0.3650793651	126	labyrinth3 N8899359	10.245	10.328	10.411	10.494	10.576	10.659	10.742	10.825	10.907	10.99	11.073	11.155	11.238	11.321	11.404	11.486	11.569	11.652	11.735	11.817	11.9	11.983	12.065	12.148	12.231	12.314	12.396	12.479	12.562	12.645
92	library	N9747004	N8680754	19.0	1.0	36	library N9747004	15.625	15.738	15.85	15.962	16.075	16.188	16.3	16.412	16.525	16.638	16.75	16.862	16.975	17.088	17.2	17.312	17.425	17.538	17.65	17.762	17.875	17.988	18.1	18.212	18.325	18.438	18.55	18.662	18.775	18.888
93	library	N9747004	N1647237	24.0	0.0	36	library N9747004	19.875	20.012	20.15	20.288	20.425	20.562	20.7	20.838	20.975	21.112	21.25	21.388	21.525	21.662	21.8	21.938	22.075	22.212	22.35	22.488	22.625	22.763	22.9	23.038	23.175	23.312	23.45	23.588	23.725	23.862
53	library	N2272684	N4522484	16.166666	0.4814814815	27	library N2272684	12.467	12.59	12.713	12.837	12.96	13.083	13.207	13.33	13.453	13.577	13.7	13.823	13.947	14.07	14.193	14.317	14.44	14.563	14.687	14.81	14.933	15.057	15.18	15.303	15.427	15.55	15.673	15.797	15.92	16.043
91	library	N5610265	N1352798	20.0	1.0	1	library N5610265	16.775	16.882	16.99	17.098	17.205	17.312	17.42	17.528	17.635	17.742	17.85	17.958	18.065	18.172	18.28	18.388	18.495	18.602	18.71	18.818	18.925	19.032	19.14	19.248	19.355	19.462	19.57	19.678	19.785	19.892
90	library	N5610265	N7608419	19.0	0.0	1	library N5610265	15.925	16.028	16.13	16.233	16.335	16.438	16.54	16.642	16.745	16.848	16.95	17.053	17.155	17.258	17.36	17.462	17.565	17.668	17.77	17.873	17.975	18.078	18.18	18.282	18.385	18.487	18.59	18.692	18.795	18.898
55	library	N2272684	N1620555	22.166666	0.0	27	library N2272684	17.167	17.333	17.5	17.667	17.833	18.0	18.167	18.333	18.5	18.667	18.833	19.0	19.167	19.333	19.5	19.667	19.833	20.0	20.167	20.333	20.5	20.667	20.833	21.0	21.167	21.333	21.5	21.667	21.833	22.0
54	library	N2272684	N9747004	16.833332000000002	0.5185185185	27	library N2272684	13.033	13.16	13.287	13.413	13.54	13.667	13.793	13.92	14.047	14.173	14.3	14.427	14.553	14.68	14.807	14.933	15.06	15.187	15.313	15.44	15.567	15.693	15.82	15.947	16.073	16.2	16.327	16.453	16.58	16.707
39	library	N2153380	N3287714	16.0	0.2244897959	98	library N2153380	13.375	13.462	13.55	13.638	13.725	13.812	13.9	13.988	14.075	14.163	14.25	14.337	14.425	14.512	14.6	14.688	14.775	14.862	14.95	15.038	15.125	15.212	15.3	15.388	15.475	15.562	15.65	15.737	15.825	15.912
38	library	N2153380	N4822267	15.0	0.7755102040999999	98	library N2153380	12.525	12.608	12.69	12.772	12.855	12.938	13.02	13.102	13.185	13.268	13.35	13.432	13.515	13.598	13.68	13.762	13.845	13.928	14.01	14.093	14.175	14.258	14.34	14.422	14.505	14.587	14.67	14.752	14.835	14.918
28	library	N6857034	N54623	16.454544	0.0357142857	28	library N6857034	12.091	12.236	12.382	12.527	12.673	12.818	12.964	13.109	13.255	13.4	13.545	13.691	13.836	13.982	14.127	14.273	14.418	14.564	14.709	14.855	15.0	15.145	15.291	15.436	15.582	15.727	15.873	16.018	16.164	16.309
8	library	N9553169	N7453865	11.666667	0.7777777778	126	library N9553169	8.427	8.535	8.643	8.751	8.859	8.967	9.075	9.183	9.291	9.399	9.507	9.615	9.723	9.831	9.939	10.047	10.155	10.263	10.371	10.479	10.587	10.695	10.803	10.911	11.019	11.127	11.235	11.343	11.451	11.559
27	library	N6857034	N2272684	13.727272	0.9642857143000001	28	library N6857034	11.082	11.17	11.258	11.346	11.435	11.523	11.611	11.699	11.787	11.875	11.964	12.052	12.14	12.228	12.316	12.405	12.493	12.581	12.669	12.757	12.845	12.934	13.022	13.11	13.198	13.286	13.375	13.463	13.551	13.639
9	library	N9553169	N6857034	12.066667	0.22222222219999999	126	library N9553169	9.047	9.147	9.248	9.349	9.449	9.55	9.651	9.751	9.852	9.953	10.053	10.154	10.255	10.355	10.456	10.557	10.657	10.758	10.859	10.959	11.06	11.161	11.261	11.362	11.463	11.563	11.664	11.765	11.865	11.966
197	museum	N8235434	N1421546	26.25	0.0	1	museum N8235434	21.975	22.118	22.26	22.402	22.545	22.688	22.83	22.972	23.115	23.258	23.4	23.542	23.685	23.828	23.97	24.112	24.255	24.398	24.54	24.682	24.825	24.968	25.11	25.252	25.395	25.538	25.68	25.822	25.965	26.108
66	museum	N8999294	N7239905	19.785715	0.0107526882	93	museum N8999294	14.879	15.042	15.206	15.369	15.533	15.696	15.86	16.024	16.187	16.351	16.514	16.678	16.841	17.005	17.169	17.332	17.496	17.659	17.823	17.986	18.15	18.314	18.477	18.641	18.804	18.968	19.131	19.295	19.459	19.622
65	museum	N8999294	N3878259	17.5	0.3333333333	93	museum N8999294	13.107	13.254	13.4	13.546	13.693	13.839	13.986	14.132	14.279	14.425	14.571	14.718	14.864	15.011	15.157	15.304	15.45	15.596	15.743	15.889	16.036	16.182	16.329	16.475	16.621	16.768	16.914	17.061	17.207	17.354
64	museum	N8999294	N3583653	16.928572	0.6559139785	93	museum N8999294	12.171	12.33	12.489	12.647	12.806	12.964	13.123	13.281	13.44	13.599	13.757	13.916	14.074	14.233	14.391	14.55	14.709	14.867	15.026	15.184	15.343	15.501	15.66	15.819	15.977	16.136	16.294	16.453	16.611	16.77
183	museum	N2723957	N3515934	26.5	0.0	6	museum N2723957	22.075	22.222	22.37	22.518	22.665	22.812	22.96	23.108	23.255	23.402	23.55	23.697	23.845	23.992	24.14	24.288	24.435	24.582	24.73	24.877	25.025	25.172	25.32	25.468	25.615	25.762	25.91	26.057	26.205	26.352
196	museum	N8235434	N9086861	25.25	1.0	1	museum N8235434	19.287	19.486	19.685	19.884	20.082	20.281	20.48	20.679	20.877	21.076	21.275	21.474	21.672	21.871	22.07	22.269	22.468	22.666	22.865	23.064	23.263	23.461	23.66	23.859	24.057	24.256	24.455	24.654	24.852	25.051
205	museum	N4708138	N3592924	31.5	0.0	2	museum N4708138	26.175	26.352	26.53	26.708	26.885	27.062	27.24	27.418	27.595	27.772	27.95	28.127	28.305	28.482	28.66	28.838	29.015	29.193	29.37	29.548	29.725	29.902	30.08	30.258	30.435	30.612	30.79	30.968	31.145	31.322
204	museum	N4708138	N8137719	27.5	1.0	2	museum N4708138	22.775	22.932	23.09	23.248	23.405	23.562	23.72	23.877	24.035	24.193	24.35	24.508	24.665	24.822	24.98	25.138	25.295	25.452	25.61	25.768	25.925	26.083	26.24	26.398	26.555	26.712	26.87	27.028	27.185	27.342
29	museum	N599523	N8999294	14.368422	0.7380952381	126	museum N599523	10.626	10.751	10.876	11.001	11.125	11.25	11.375	11.499	11.624	11.749	11.874	11.998	12.123	12.248	12.373	12.497	12.622	12.747	12.872	12.996	13.121	13.246	13.371	13.495	13.62	13.745	13.869	13.994	14.119	14.244
30	museum	N599523	N1035050	15.736841	0.2619047619	126	museum N599523	11.521	11.662	11.802	11.943	12.083	12.224	12.364	12.505	12.645	12.786	12.926	13.067	13.207	13.348	13.488	13.629	13.769	13.91	14.051	14.191	14.332	14.472	14.613	14.753	14.894	15.034	15.175	15.315	15.456	15.596
182	museum	N2723957	N7639406	24.5	1.0	6	museum N2723957	20.375	20.512	20.65	20.788	20.925	21.062	21.2	21.338	21.475	21.612	21.75	21.888	22.025	22.162	22.3	22.438	22.575	22.712	22.85	22.988	23.125	23.263	23.4	23.538	23.675	23.812	23.95	24.088	24.225	24.362
71	museum	N1035050	N9773808	18.333332000000002	0.9666666667	30	museum N1035050	13.213	13.384	13.555	13.725	13.896	14.067	14.237	14.408	14.579	14.749	14.92	15.091	15.261	15.432	15.603	15.773	15.944	16.115	16.285	16.456	16.627	16.797	16.968	17.139	17.309	17.48	17.651	17.821	17.992	18.163
70	museum	N1035050	N9449477	17.8	0.033333333300000004	30	museum N1035050	13.78	13.914	14.048	14.182	14.316	14.45	14.584	14.718	14.852	14.986	15.12	15.254	15.388	15.522	15.656	15.79	15.924	16.058	16.192	16.326	16.46	16.594	16.728	16.862	16.996	17.13	17.264	17.398	17.532	17.666
108	museum	N9449477	N3228077	20.1	1.0	1	museum N9449477	14.88	15.054	15.228	15.402	15.576	15.75	15.924	16.098	16.272	16.446	16.62	16.794	16.968	17.142	17.316	17.49	17.664	17.838	18.012	18.186	18.36	18.534	18.708	18.882	19.056	19.23	19.404	19.578	19.752	19.926
110	museum	N9449477	N934578	28.9	0.0	1	museum N9449477	21.4	21.65	21.9	22.15	22.4	22.65	22.9	23.15	23.4	23.65	23.9	24.15	24.4	24.65	24.9	25.15	25.4	25.65	25.9	26.15	26.4	26.65	26.9	27.15	27.4	27.65	27.9	28.15	28.4	28.65
109	museum	N9449477	N3255322	20.9	0.0	1	museum N9449477	16.55	16.695	16.84	16.985	17.13	17.275	17.42	17.565	17.71	17.855	18.0	18.145	18.29	18.435	18.58	18.725	18.87	19.015	19.16	19.305	19.45	19.595	19.74	19.885	20.03	20.175	20.32	20.465	20.61	20.755
117	museum	N3878259	N4337909	20.5	0.9032258065000001	31	museum N3878259	15.04	15.222	15.404	15.586	15.768	15.95	16.132	16.314	16.496	16.678	16.86	17.042	17.224	17.406	17.588	17.77	17.952	18.134	18.316	18.498	18.68	18.862	19.044	19.226	19.408	19.59	19.772	19.954	20.136	20.318
138	museum	N4946088	N8559917	21.25	0.7586206897	29	museum N4946088	16.188	16.356	16.525	16.694	16.862	17.031	17.2	17.369	17.538	17.706	17.875	18.044	18.212	18.381	18.55	18.719	18.888	19.056	19.225	19.394	19.562	19.731	19.9	20.069	20.237	20.406	20.575	20.744	20.912	21.081
157	museum	N4337909	N3311969	22.75	0.9142857143	35	museum N4337909	17.237	17.421	17.605	17.789	17.972	18.156	18.34	18.524	18.708	18.891	19.075	19.259	19.442	19.626	19.81	19.994	20.178	20.361	20.545	20.729	20.912	21.096	21.28	21.464	21.647	21.831	22.015	22.199	22.382	22.566
158	museum	N4337909	N4708138	24.75	0.0857142857	35	museum N4337909	20.625	20.762	20.9	21.038	21.175	21.312	21.45	21.588	21.725	21.862	22.0	22.138	22.275	22.412	22.55	22.688	22.825	22.962	23.1	23.238	23.375	23.513	23.65	23.788	23.925	24.062	24.2	24.338	24.475	24.612
139	museum	N4946088	N2723957	22.25	0.2413793103	29	museum N4946088	18.575	18.697	18.82	18.942	19.065	19.188	19.31	19.432	19.555	19.678	19.8	19.922	20.045	20.167	20.29	20.412	20.535	20.658	20.78	20.902	21.025	21.148	21.27	21.392	21.515	21.638	21.76	21.882	22.005	22.127
169	museum	N7239905	N1666022	24.9	0.0	1	museum N7239905	19.83	19.999	20.168	20.337	20.506	20.675	20.844	21.013	21.182	21.351	21.52	21.689	21.858	22.027	22.196	22.365	22.534	22.703	22.872	23.041	23.21	23.379	23.548	23.717	23.886	24.055	24.224	24.393	24.562	24.731
167	museum	N7239905	N8235434	22.900002	1.0	1	museum N7239905	16.84	17.042	17.244	17.446	17.648	17.85	18.052	18.254	18.456	18.658	18.86	19.062	19.264	19.466	19.668	19.87	20.072	20.274	20.476	20.678	20.88	21.082	21.284	21.486	21.688	21.89	22.092	22.294	22.496	22.698
168	museum	N7239905	N2769566	24.1	0.0	1	museum N7239905	17.92	18.126	18.332	18.538	18.744	18.95	19.156	19.362	19.568	19.774	19.98	20.186	20.392	20.598	20.804	21.01	21.216	21.422	21.628	21.834	22.04	22.246	22.452	22.658	22.864	23.07	23.276	23.482	23.688	23.894
119	museum	N3878259	N2766129	23.300001	0.0322580645	31	museum N3878259	18.47	18.631	18.792	18.953	19.114	19.275	19.436	19.597	19.758	19.919	20.08	20.241	20.402	20.563	20.724	20.885	21.046	21.207	21.368	21.529	21.69	21.851	22.012	22.173	22.334	22.495	22.656	22.817	22.978	23.139
118	museum	N3878259	N5843320	21.7	0.064516129	31	museum N3878259	16.0	16.19	16.38	16.57	16.76	16.95	17.14	17.33	17.52	17.71	17.9	18.09	18.28	18.47	18.66	18.85	19.04	19.23	19.42	19.61	19.8	19.99	20.18	20.37	20.56	20.75	20.94	21.13	21.32	21.51
57	roomG	N8320789	N1625775	18.571428	0.3088235294	68	roomG N8320789	14.329	14.47	14.611	14.753	14.894	15.036	15.177	15.319	15.46	15.601	15.743	15.884	16.026	16.167	16.309	16.45	16.591	16.733	16.874	17.016	17.157	17.299	17.44	17.581	17.723	17.864	18.006	18.147	18.289	18.43
112	roomG	N5279315	N6566182	22.571428	0.0	1	roomG N5279315	17.471	17.641	17.811	17.981	18.151	18.321	18.491	18.661	18.831	19.001	19.171	19.341	19.511	19.681	19.851	20.021	20.191	20.361	20.531	20.701	20.871	21.041	21.211	21.381	21.551	21.721	21.891	22.061	22.231	22.401
111	roomG	N5279315	N2518305	20.285713	1.0	1	roomG N5279315	17.457	17.551	17.646	17.74	17.834	17.929	18.023	18.117	18.211	18.306	18.4	18.494	18.589	18.683	18.777	18.871	18.966	19.06	19.154	19.249	19.343	19.437	19.531	19.626	19.72	19.814	19.909	20.003	20.097	20.191
145	roomG	N8317607	N1983096	21.900002	0.9705882353	34	roomG N8317607	17.61	17.753	17.896	18.039	18.182	18.325	18.468	18.611	18.754	18.897	19.04	19.183	19.326	19.469	19.612	19.755	19.898	20.041	20.184	20.327	20.47	20.613	20.756	20.899	21.042	21.185	21.328	21.471	21.614	21.757
146	roomG	N8317607	N940315	23.900002	0.029411764700000002	34	roomG N8317607	20.66	20.768	20.876	20.984	21.092	21.2	21.308	21.416	21.524	21.632	21.74	21.848	21.956	22.064	22.172	22.28	22.388	22.496	22.604	22.712	22.82	22.928	23.036	23.144	23.252	23.36	23.468	23.576	23.684	23.792
26	roomG	N3215843	N3886181	14.294119	0.46031746030000004	126	roomG N3215843	10.676	10.797	10.918	11.038	11.159	11.279	11.4	11.521	11.641	11.762	11.882	12.003	12.124	12.244	12.365	12.485	12.606	12.726	12.847	12.968	13.088	13.209	13.329	13.45	13.571	13.691	13.812	13.932	14.053	14.174
25	roomG	N3215843	N9994126	13.3529415	0.5396825397	126	roomG N3215843	10.388	10.487	10.586	10.685	10.784	10.882	10.981	11.08	11.179	11.278	11.376	11.475	11.574	11.673	11.772	11.871	11.969	12.068	12.167	12.266	12.365	12.464	12.562	12.661	12.76	12.859	12.958	13.056	13.155	13.254
51	roomG	N3886181	N5279315	17.307692000000003	0.017241379299999998	58	roomG N3886181	14.031	14.14	14.249	14.358	14.468	14.577	14.686	14.795	14.905	15.014	15.123	15.232	15.342	15.451	15.56	15.669	15.778	15.888	15.997	16.106	16.215	16.325	16.434	16.543	16.652	16.762	16.871	16.98	17.089	17.198
99	roomG	N1625775	N2316202	19.8	0.0	21	roomG N1625775	18.42	18.466	18.512	18.558	18.604	18.65	18.696	18.742	18.788	18.834	18.88	18.926	18.972	19.018	19.064	19.11	19.156	19.202	19.248	19.294	19.34	19.386	19.432	19.478	19.524	19.57	19.616	19.662	19.708	19.754
50	roomG	N3886181	N413710	15.769232	0.7241379309999999	58	roomG N3886181	12.054	12.178	12.302	12.425	12.549	12.673	12.797	12.921	13.045	13.168	13.292	13.416	13.54	13.664	13.788	13.912	14.035	14.159	14.283	14.407	14.531	14.655	14.778	14.902	15.026	15.15	15.274	15.398	15.522	15.645
52	roomG	N3886181	N1443972	17.615382999999998	0.25862068969999996	58	roomG N3886181	12.862	13.02	13.178	13.337	13.495	13.654	13.812	13.971	14.129	14.288	14.446	14.605	14.763	14.922	15.08	15.238	15.397	15.555	15.714	15.872	16.031	16.189	16.348	16.506	16.665	16.823	16.982	17.14	17.298	17.457
89	roomG	N1443972	N8317607	21.09091	0.8666666667	15	roomG N1443972	15.118	15.317	15.516	15.715	15.915	16.114	16.313	16.512	16.711	16.91	17.109	17.308	17.507	17.706	17.905	18.105	18.304	18.503	18.702	18.901	19.1	19.299	19.498	19.697	19.896	20.095	20.295	20.494	20.693	20.892
88	roomG	N1443972	N7117627	20.545454	0.0	15	roomG N1443972	17.3	17.408	17.516	17.625	17.733	17.841	17.949	18.057	18.165	18.274	18.382	18.49	18.598	18.706	18.815	18.923	19.031	19.139	19.247	19.355	19.464	19.572	19.68	19.788	19.896	20.005	20.113	20.221	20.329	20.437
87	roomG	N1443972	N2654501	18.727272	0.1333333333	15	roomG N1443972	14.745	14.878	15.011	15.144	15.276	15.409	15.542	15.675	15.807	15.94	16.073	16.205	16.338	16.471	16.604	16.736	16.869	17.002	17.135	17.267	17.4	17.533	17.665	17.798	17.931	18.064	18.196	18.329	18.462	18.595
56	roomG	N8320789	N3398689	16.285715	0.6911764706	68	roomG N8320789	13.971	14.049	14.126	14.203	14.28	14.357	14.434	14.511	14.589	14.666	14.743	14.82	14.897	14.974	15.051	15.129	15.206	15.283	15.36	15.437	15.514	15.591	15.669	15.746	15.823	15.9	15.977	16.054	16.131	16.209
100	roomG	N1625775	N9172148	21.8	1.0	21	roomG N1625775	16.28	16.464	16.648	16.832	17.016	17.2	17.384	17.568	17.752	17.936	18.12	18.304	18.488	18.672	18.856	19.04	19.224	19.408	19.592	19.776	19.96	20.144	20.328	20.512	20.696	20.88	21.064	21.248	21.432	21.616
19	tworooms	N1627744	N7416731	13.2	0.6507936508	126	tworooms N1627744	10.42	10.513	10.605	10.698	10.791	10.883	10.976	11.069	11.161	11.254	11.347	11.439	11.532	11.625	11.717	11.81	11.903	11.995	12.088	12.181	12.273	12.366	12.459	12.551	12.644	12.737	12.829	12.922	13.015	13.107
20	tworooms	N1627744	N2169075	15.466667000000001	0.34920634920000004	126	tworooms N1627744	11.387	11.523	11.659	11.795	11.931	12.067	12.203	12.339	12.475	12.611	12.747	12.883	13.019	13.155	13.291	13.427	13.563	13.699	13.835	13.971	14.107	14.243	14.379	14.515	14.651	14.787	14.923	15.059	15.195	15.331
123	tworooms	N6388298	N3112363	22.571428	0.8095238095	21	tworooms N6388298	16.443	16.647	16.851	17.056	17.26	17.464	17.669	17.873	18.077	18.281	18.486	18.69	18.894	19.099	19.303	19.507	19.711	19.916	20.12	20.324	20.529	20.733	20.937	21.141	21.346	21.55	21.754	21.959	22.163	22.367
122	tworooms	N6388298	N2446217	20.571428	0.1904761905	21	tworooms N6388298	19.5	19.536	19.571	19.607	19.643	19.679	19.714	19.75	19.786	19.821	19.857	19.893	19.929	19.964	20.0	20.036	20.071	20.107	20.143	20.179	20.214	20.25	20.286	20.321	20.357	20.393	20.429	20.464	20.5	20.536
75	tworooms	N2277	N5127596	18.5	0.033333333300000004	30	tworooms N2277	15.8	15.89	15.98	16.07	16.16	16.25	16.34	16.43	16.52	16.61	16.7	16.79	16.88	16.97	17.06	17.15	17.24	17.33	17.42	17.51	17.6	17.69	17.78	17.87	17.96	18.05	18.14	18.23	18.32	18.41
141	tworooms	N7291500	N9403647	21.75	0.7142857143000001	7	tworooms N7291500	16.387	16.566	16.745	16.924	17.102	17.281	17.46	17.639	17.818	17.996	18.175	18.354	18.532	18.711	18.89	19.069	19.248	19.426	19.605	19.784	19.962	20.141	20.32	20.499	20.678	20.856	21.035	21.214	21.392	21.571
103	tworooms	N5159403	N7004659	20.1	0.0	12	tworooms N5159403	14.94	15.112	15.284	15.456	15.628	15.8	15.972	16.144	16.316	16.488	16.66	16.832	17.004	17.176	17.348	17.52	17.692	17.864	18.036	18.208	18.38	18.552	18.724	18.896	19.068	19.24	19.412	19.584	19.756	19.928
102	tworooms	N5159403	N1559736	20.1	0.0	12	tworooms N5159403	17.28	17.374	17.468	17.562	17.656	17.75	17.844	17.938	18.032	18.126	18.22	18.314	18.408	18.502	18.596	18.69	18.784	18.878	18.972	19.066	19.16	19.254	19.348	19.442	19.536	19.63	19.724	19.818	19.912	20.006
74	tworooms	N2277	N6388298	18.3	0.7333333333	30	tworooms N2277	13.98	14.124	14.268	14.412	14.556	14.7	14.844	14.988	15.132	15.276	15.42	15.564	15.708	15.852	15.996	16.14	16.284	16.428	16.572	16.716	16.86	17.004	17.148	17.292	17.436	17.58	17.724	17.868	18.012	18.156
151	tworooms	N1738800	N5180650	22.714287	1.0	11	tworooms N1738800	16.586	16.79	16.994	17.199	17.403	17.607	17.811	18.016	18.22	18.424	18.629	18.833	19.037	19.241	19.446	19.65	19.854	20.059	20.263	20.467	20.671	20.876	21.08	21.284	21.489	21.693	21.897	22.101	22.306	22.51
101	tworooms	N5159403	N1738800	19.9	1.0	12	tworooms N5159403	15.19	15.347	15.504	15.661	15.818	15.975	16.132	16.289	16.446	16.603	16.76	16.917	17.074	17.231	17.388	17.545	17.702	17.859	18.016	18.173	18.33	18.487	18.644	18.801	18.958	19.115	19.272	19.429	19.586	19.743
76	tworooms	N2277	N7291500	19.900002	0.23333333329999997	30	tworooms N2277	14.74	14.912	15.084	15.256	15.428	15.6	15.772	15.944	16.116	16.288	16.46	16.632	16.804	16.976	17.148	17.32	17.492	17.664	17.836	18.008	18.18	18.352	18.524	18.696	18.868	19.04	19.212	19.384	19.556	19.728
67	tworooms	N2169075	N2277	17.0	0.6818181818000001	44	tworooms N2169075	12.425	12.577	12.73	12.882	13.035	13.187	13.34	13.492	13.645	13.798	13.95	14.102	14.255	14.407	14.56	14.712	14.865	15.017	15.17	15.322	15.475	15.628	15.78	15.932	16.085	16.237	16.39	16.542	16.695	16.847
68	tworooms	N2169075	N763696	17.166666	0.0454545455	44	tworooms N2169075	14.092	14.194	14.297	14.399	14.502	14.604	14.707	14.809	14.912	15.014	15.117	15.219	15.322	15.424	15.527	15.629	15.732	15.834	15.937	16.039	16.142	16.244	16.347	16.449	16.552	16.654	16.757	16.859	16.962	17.064
69	tworooms	N2169075	N5159403	18.499998	0.2727272727	44	tworooms N2169075	13.525	13.691	13.857	14.022	14.188	14.354	14.52	14.686	14.852	15.018	15.183	15.349	15.515	15.681	15.847	16.012	16.178	16.344	16.51	16.676	16.842	17.008	17.173	17.339	17.505	17.671	17.837	18.002	18.168	18.334
140	tworooms	N7291500	N9601214	21.5	0.2857142857	7	tworooms N7291500	19.512	19.579	19.645	19.711	19.778	19.844	19.91	19.976	20.042	20.109	20.175	20.241	20.308	20.374	20.44	20.506	20.572	20.639	20.705	20.771	20.838	20.904	20.97	21.036	21.102	21.169	21.235	21.301	21.368	21.434
150	tworooms	N1738800	N7295169	22.428572	0.0	11	tworooms N1738800	21.314	21.351	21.389	21.426	21.463	21.5	21.537	21.574	21.611	21.649	21.686	21.723	21.76	21.797	21.834	21.871	21.909	21.946	21.983	22.02	22.057	22.094	22.131	22.169	22.206	22.243	22.28	22.317	22.354	22.391
