	world	node	child	value	prob	N	hash	dv_0.5	dv_0.51	dv_0.52	dv_0.53	dv_0.54	dv_0.55	dv_0.56	dv_0.57	dv_0.58	dv_0.59	dv_0.6	dv_0.61	dv_0.62	dv_0.63	dv_0.64	dv_0.65	dv_0.66	dv_0.67	dv_0.68	dv_0.69	dv_0.7	dv_0.71	dv_0.72	dv_0.73	dv_0.74	dv_0.75	dv_0.76	dv_0.77	dv_0.78	dv_0.79	dv_0.8	dv_0.81	dv_0.82	dv_0.83	dv_0.84	dv_0.85	dv_0.86	dv_0.87	dv_0.88	dv_0.89	dv_0.9	dv_0.91	dv_0.92	dv_0.93	dv_0.94	dv_0.95	dv_0.96	dv_0.97	dv_0.98	dv_0.99
49	bunker3	N4351810	N9720811	16.9	0.8305084745999999	59	bunker3 N4351810	4.0	4.066	4.132	4.198	4.264	4.33	4.396	4.462	4.528	4.594	4.66	4.726	4.792	4.858	4.924	4.99	5.056	5.122	5.188	5.254	5.32	5.386	5.452	5.518	5.584	5.65	5.716	5.782	5.848	5.914	5.98	6.046	6.112	6.178	6.244	6.31	6.376	6.442	6.508	6.574	6.64	6.706	6.772	6.838	6.904	6.97	7.036	7.102	7.168	7.234
48	bunker3	N4351810	N6831977	15.3	0.16949152539999998	59	bunker3 N4351810	5.75	5.765	5.78	5.795	5.81	5.825	5.84	5.855	5.87	5.885	5.9	5.915	5.93	5.945	5.96	5.975	5.99	6.005	6.02	6.035	6.05	6.065	6.08	6.095	6.11	6.125	6.14	6.155	6.17	6.185	6.2	6.215	6.23	6.245	6.26	6.275	6.29	6.305	6.32	6.335	6.35	6.365	6.38	6.395	6.41	6.425	6.44	6.455	6.47	6.485
11	bunker3	N1657801	N4351810	13.642857999999999	0.4682539683	126	bunker3 N1657801	3.321	3.368	3.414	3.461	3.507	3.554	3.6	3.646	3.693	3.739	3.786	3.832	3.879	3.925	3.971	4.018	4.064	4.111	4.157	4.204	4.25	4.296	4.343	4.389	4.436	4.482	4.529	4.575	4.621	4.668	4.714	4.761	4.807	4.854	4.9	4.946	4.993	5.039	5.086	5.132	5.179	5.225	5.271	5.318	5.364	5.411	5.457	5.504	5.55	5.596
10	bunker3	N1657801	N7360841	11.928571	0.5317460317	126	bunker3 N1657801	3.464	3.485	3.506	3.526	3.547	3.568	3.589	3.609	3.63	3.651	3.671	3.692	3.713	3.734	3.754	3.775	3.796	3.816	3.837	3.858	3.879	3.899	3.92	3.941	3.961	3.982	4.003	4.024	4.044	4.065	4.086	4.106	4.127	4.148	4.169	4.189	4.21	4.231	4.251	4.272	4.293	4.314	4.334	4.355	4.376	4.396	4.417	4.438	4.459	4.479
58	cathedral	N7058269	N6051250	16.333332000000002	0.3978494624	93	cathedral N7058269	5.833	5.86	5.887	5.913	5.94	5.967	5.993	6.02	6.047	6.073	6.1	6.127	6.153	6.18	6.207	6.233	6.26	6.287	6.313	6.34	6.367	6.393	6.42	6.447	6.473	6.5	6.527	6.553	6.58	6.607	6.633	6.66	6.687	6.713	6.74	6.767	6.793	6.82	6.847	6.873	6.9	6.927	6.953	6.98	7.007	7.033	7.06	7.087	7.113	7.14
59	cathedral	N7058269	N6429694	18.666667999999998	0.6021505375999999	93	cathedral N7058269	4.25	4.322	4.393	4.465	4.537	4.608	4.68	4.752	4.823	4.895	4.967	5.038	5.11	5.182	5.253	5.325	5.397	5.468	5.54	5.612	5.683	5.755	5.827	5.898	5.97	6.042	6.113	6.185	6.257	6.328	6.4	6.472	6.543	6.615	6.687	6.758	6.83	6.902	6.973	7.045	7.117	7.188	7.26	7.332	7.403	7.475	7.547	7.618	7.69	7.762
24	cathedral	N608136	N9813836	14.300001000000002	0.2118644068	118	cathedral N608136	4.05	4.093	4.136	4.179	4.222	4.265	4.308	4.351	4.394	4.437	4.48	4.523	4.566	4.609	4.652	4.695	4.738	4.781	4.824	4.867	4.91	4.953	4.996	5.039	5.082	5.125	5.168	5.211	5.254	5.297	5.34	5.383	5.426	5.469	5.512	5.555	5.598	5.641	5.684	5.727	5.77	5.813	5.856	5.899	5.942	5.985	6.028	6.071	6.114	6.157
23	cathedral	N608136	N7058269	13.299999	0.7881355931999999	118	cathedral N608136	3.65	3.693	3.736	3.779	3.822	3.865	3.908	3.951	3.994	4.037	4.08	4.123	4.166	4.209	4.252	4.295	4.338	4.381	4.424	4.467	4.51	4.553	4.596	4.639	4.682	4.725	4.768	4.811	4.854	4.897	4.94	4.983	5.026	5.069	5.112	5.155	5.198	5.241	5.284	5.327	5.37	5.413	5.456	5.499	5.542	5.585	5.628	5.671	5.714	5.757
0	courtyard	N3719219	N990982	6.8	0.7777777778	126	courtyard N3719219	3.2	3.22	3.24	3.26	3.28	3.3	3.32	3.34	3.36	3.38	3.4	3.42	3.44	3.46	3.48	3.5	3.52	3.54	3.56	3.58	3.6	3.62	3.64	3.66	3.68	3.7	3.72	3.74	3.76	3.78	3.8	3.82	3.84	3.86	3.88	3.9	3.92	3.94	3.96	3.98	4.0	4.02	4.04	4.06	4.08	4.1	4.12	4.14	4.16	4.18
2	courtyard	N990982	N6673600	7.666666499999999	1.0	98	courtyard N990982	2.167	2.19	2.213	2.237	2.26	2.283	2.307	2.33	2.353	2.377	2.4	2.423	2.447	2.47	2.493	2.517	2.54	2.563	2.587	2.61	2.633	2.657	2.68	2.703	2.727	2.75	2.773	2.797	2.82	2.843	2.867	2.89	2.913	2.937	2.96	2.983	3.007	3.03	3.053	3.077	3.1	3.123	3.147	3.17	3.193	3.217	3.24	3.263	3.287	3.31
1	courtyard	N3719219	N3977188	8.2	0.22222222219999999	126	courtyard N3719219	4.55	4.571	4.592	4.613	4.634	4.655	4.676	4.697	4.718	4.739	4.76	4.781	4.802	4.823	4.844	4.865	4.886	4.907	4.928	4.949	4.97	4.991	5.012	5.033	5.054	5.075	5.096	5.117	5.138	5.159	5.18	5.201	5.222	5.243	5.264	5.285	5.306	5.327	5.348	5.369	5.39	5.411	5.432	5.453	5.474	5.495	5.516	5.537	5.558	5.579
3	courtyard	N990982	N3622934	14.0	0.0	98	courtyard N990982	7.667	7.687	7.707	7.727	7.747	7.767	7.787	7.807	7.827	7.847	7.867	7.887	7.907	7.927	7.947	7.967	7.987	8.007	8.027	8.047	8.067	8.087	8.107	8.127	8.147	8.167	8.187	8.207	8.227	8.247	8.267	8.287	8.307	8.327	8.347	8.367	8.387	8.407	8.427	8.447	8.467	8.487	8.507	8.527	8.547	8.567	8.587	8.607	8.627	8.647
4	cubicles	N7210304	N2319363	9.0	0.8492063492	126	cubicles N7210304	2.196	2.229	2.263	2.296	2.33	2.363	2.397	2.43	2.463	2.497	2.53	2.564	2.597	2.631	2.664	2.698	2.731	2.765	2.798	2.832	2.865	2.899	2.932	2.966	2.999	3.033	3.066	3.1	3.133	3.167	3.2	3.233	3.267	3.3	3.334	3.367	3.401	3.434	3.468	3.501	3.535	3.568	3.602	3.635	3.669	3.702	3.736	3.769	3.803	3.836
84	cubicles	N8892822	N9981263	18.5	0.9285714286	42	cubicles N8892822	3.25	3.3	3.35	3.4	3.45	3.5	3.55	3.6	3.65	3.7	3.75	3.8	3.85	3.9	3.95	4.0	4.05	4.1	4.15	4.2	4.25	4.3	4.35	4.4	4.45	4.5	4.55	4.6	4.65	4.7	4.75	4.8	4.85	4.9	4.95	5.0	5.05	5.1	5.15	5.2	5.25	5.3	5.35	5.4	5.45	5.5	5.55	5.6	5.65	5.7
35	cubicles	N9487763	N3493111	19.1	0.0	15	cubicles N9487763	3.15	3.193	3.236	3.279	3.322	3.365	3.408	3.451	3.494	3.537	3.58	3.623	3.666	3.709	3.752	3.795	3.838	3.881	3.924	3.967	4.01	4.053	4.096	4.139	4.182	4.225	4.268	4.311	4.354	4.397	4.44	4.483	4.526	4.569	4.612	4.655	4.698	4.741	4.784	4.827	4.87	4.913	4.956	4.999	5.042	5.085	5.128	5.171	5.214	5.257
34	cubicles	N9487763	N8892822	17.1	0.4	15	cubicles N9487763	3.0	3.046	3.092	3.138	3.184	3.23	3.276	3.322	3.368	3.414	3.46	3.506	3.552	3.598	3.644	3.69	3.736	3.782	3.828	3.874	3.92	3.966	4.012	4.058	4.104	4.15	4.196	4.242	4.288	4.334	4.38	4.426	4.472	4.518	4.564	4.61	4.656	4.702	4.748	4.794	4.84	4.886	4.932	4.978	5.024	5.07	5.116	5.162	5.208	5.254
33	cubicles	N9487763	N9527877	14.700001	0.6	15	cubicles N9487763	2.85	2.883	2.916	2.949	2.982	3.015	3.048	3.081	3.114	3.147	3.18	3.213	3.246	3.279	3.312	3.345	3.378	3.411	3.444	3.477	3.51	3.543	3.576	3.609	3.642	3.675	3.708	3.741	3.774	3.807	3.84	3.873	3.906	3.939	3.972	4.005	4.038	4.071	4.104	4.137	4.17	4.203	4.236	4.269	4.302	4.335	4.368	4.401	4.434	4.467
113	cubicles	N9981263	N2053914	20.333332000000002	0.9767441859999999	43	cubicles N9981263	5.667	5.687	5.707	5.727	5.747	5.767	5.787	5.807	5.827	5.847	5.867	5.887	5.907	5.927	5.947	5.967	5.987	6.007	6.027	6.047	6.067	6.087	6.107	6.127	6.147	6.167	6.187	6.207	6.227	6.247	6.267	6.287	6.307	6.327	6.347	6.367	6.387	6.407	6.427	6.447	6.467	6.487	6.507	6.527	6.547	6.567	6.587	6.607	6.627	6.647
85	cubicles	N8892822	N2137138	19.0	0.0714285714	42	cubicles N8892822	4.375	4.412	4.45	4.488	4.525	4.562	4.6	4.638	4.675	4.712	4.75	4.788	4.825	4.862	4.9	4.938	4.975	5.012	5.05	5.088	5.125	5.162	5.2	5.238	5.275	5.312	5.35	5.388	5.425	5.462	5.5	5.538	5.575	5.613	5.65	5.688	5.725	5.762	5.8	5.838	5.875	5.912	5.95	5.988	6.025	6.062	6.1	6.137	6.175	6.212
5	cubicles	N7210304	N8435133	10.652175	0.1507936508	126	cubicles N7210304	2.891	2.923	2.955	2.987	3.018	3.05	3.082	3.113	3.145	3.177	3.209	3.24	3.272	3.304	3.336	3.367	3.399	3.431	3.463	3.494	3.526	3.558	3.59	3.621	3.653	3.685	3.717	3.748	3.78	3.812	3.843	3.875	3.907	3.939	3.97	4.002	4.034	4.066	4.097	4.129	4.161	4.193	4.224	4.256	4.288	4.32	4.351	4.383	4.415	4.447
22	cubicles	N9556533	N4932175	14.642857000000001	0.21052631579999997	19	cubicles N9556533	2.179	2.214	2.249	2.284	2.319	2.354	2.389	2.424	2.459	2.494	2.529	2.564	2.599	2.634	2.669	2.704	2.739	2.774	2.809	2.844	2.879	2.914	2.949	2.984	3.019	3.054	3.089	3.124	3.159	3.194	3.229	3.264	3.299	3.334	3.369	3.404	3.439	3.474	3.509	3.544	3.579	3.614	3.649	3.684	3.719	3.754	3.789	3.824	3.859	3.894
86	cubicles	N8892822	N5568770	22.5	0.0	42	cubicles N8892822	4.25	4.3	4.35	4.4	4.45	4.5	4.55	4.6	4.65	4.7	4.75	4.8	4.85	4.9	4.95	5.0	5.05	5.1	5.15	5.2	5.25	5.3	5.35	5.4	5.45	5.5	5.55	5.6	5.65	5.7	5.75	5.8	5.85	5.9	5.95	6.0	6.05	6.1	6.15	6.2	6.25	6.3	6.35	6.4	6.45	6.5	6.55	6.6	6.65	6.7
114	cubicles	N9981263	N2381213	24.999998	0.023255814	43	cubicles N9981263	5.333	5.38	5.427	5.473	5.52	5.567	5.613	5.66	5.707	5.753	5.8	5.847	5.893	5.94	5.987	6.033	6.08	6.127	6.173	6.22	6.267	6.313	6.36	6.407	6.453	6.5	6.547	6.593	6.64	6.687	6.733	6.78	6.827	6.873	6.92	6.967	7.013	7.06	7.107	7.153	7.2	7.247	7.293	7.34	7.387	7.433	7.48	7.527	7.573	7.62
115	cubicles	N4606479	N7119625	20.333332000000002	0.0	3	cubicles N4606479	4.333	4.353	4.373	4.393	4.413	4.433	4.453	4.473	4.493	4.513	4.533	4.553	4.573	4.593	4.613	4.633	4.653	4.673	4.693	4.713	4.733	4.753	4.773	4.793	4.813	4.833	4.853	4.873	4.893	4.913	4.933	4.953	4.973	4.993	5.013	5.033	5.053	5.073	5.093	5.113	5.133	5.153	5.173	5.193	5.213	5.233	5.253	5.273	5.293	5.313
116	cubicles	N4606479	N6517911	21.0	1.0	3	cubicles N4606479	3.333	3.38	3.427	3.473	3.52	3.567	3.613	3.66	3.707	3.753	3.8	3.847	3.893	3.94	3.987	4.033	4.08	4.127	4.173	4.22	4.267	4.313	4.36	4.407	4.453	4.5	4.547	4.593	4.64	4.687	4.733	4.78	4.827	4.873	4.92	4.967	5.013	5.06	5.107	5.153	5.2	5.247	5.293	5.34	5.387	5.433	5.48	5.527	5.573	5.62
61	cubicles	N7167978	N4606479	19.125	0.75	4	cubicles N7167978	2.875	2.915	2.955	2.995	3.035	3.075	3.115	3.155	3.195	3.235	3.275	3.315	3.355	3.395	3.435	3.475	3.515	3.555	3.595	3.635	3.675	3.715	3.755	3.795	3.835	3.875	3.915	3.955	3.995	4.035	4.075	4.115	4.155	4.195	4.235	4.275	4.315	4.355	4.395	4.435	4.475	4.515	4.555	4.595	4.635	4.675	4.715	4.755	4.795	4.835
7	cubicles	N2319363	N3487541	13.549999	0.0	107	cubicles N2319363	3.35	3.377	3.404	3.431	3.458	3.485	3.512	3.539	3.566	3.593	3.62	3.647	3.674	3.701	3.728	3.755	3.782	3.809	3.836	3.863	3.89	3.917	3.944	3.971	3.998	4.025	4.052	4.079	4.106	4.133	4.16	4.187	4.214	4.241	4.268	4.295	4.322	4.349	4.376	4.403	4.43	4.457	4.484	4.511	4.538	4.565	4.592	4.619	4.646	4.673
60	cubicles	N7167978	N6349558	16.625	0.25	4	cubicles N7167978	2.438	2.456	2.475	2.494	2.512	2.531	2.55	2.569	2.588	2.606	2.625	2.644	2.662	2.681	2.7	2.719	2.738	2.756	2.775	2.794	2.812	2.831	2.85	2.869	2.888	2.906	2.925	2.944	2.963	2.981	3.0	3.019	3.038	3.056	3.075	3.094	3.112	3.131	3.15	3.169	3.188	3.206	3.225	3.244	3.262	3.281	3.3	3.319	3.338	3.356
15	cubicles	N117979	N3494734	15.124998999999999	0.3396226415	106	cubicles N117979	2.875	2.915	2.955	2.995	3.035	3.075	3.115	3.155	3.195	3.235	3.275	3.315	3.355	3.395	3.435	3.475	3.515	3.555	3.595	3.635	3.675	3.715	3.755	3.795	3.835	3.875	3.915	3.955	3.995	4.035	4.075	4.115	4.155	4.195	4.235	4.275	4.315	4.355	4.395	4.435	4.475	4.515	4.555	4.595	4.635	4.675	4.715	4.755	4.795	4.835
14	cubicles	N117979	N2528154	12.625	0.6603773585	106	cubicles N117979	2.438	2.456	2.475	2.494	2.512	2.531	2.55	2.569	2.588	2.606	2.625	2.644	2.662	2.681	2.7	2.719	2.738	2.756	2.775	2.794	2.812	2.831	2.85	2.869	2.888	2.906	2.925	2.944	2.963	2.981	3.0	3.019	3.038	3.056	3.075	3.094	3.112	3.131	3.15	3.169	3.188	3.206	3.225	3.244	3.262	3.281	3.3	3.319	3.338	3.356
21	cubicles	N9556533	N9487763	13.214286999999999	0.7894736842	19	cubicles N9556533	2.607	2.639	2.671	2.704	2.736	2.768	2.8	2.832	2.864	2.896	2.929	2.961	2.993	3.025	3.057	3.089	3.121	3.154	3.186	3.218	3.25	3.282	3.314	3.346	3.379	3.411	3.443	3.475	3.507	3.539	3.571	3.604	3.636	3.668	3.7	3.732	3.764	3.796	3.829	3.861	3.893	3.925	3.957	3.989	4.021	4.054	4.086	4.118	4.15	4.182
13	cubicles	N8435133	N4303499	15.499998999999999	0.0	19	cubicles N8435133	3.028	3.065	3.102	3.139	3.177	3.214	3.251	3.288	3.326	3.363	3.4	3.437	3.474	3.512	3.549	3.586	3.623	3.661	3.698	3.735	3.772	3.809	3.847	3.884	3.921	3.958	3.996	4.033	4.07	4.107	4.144	4.182	4.219	4.256	4.293	4.331	4.368	4.405	4.442	4.479	4.517	4.554	4.591	4.628	4.666	4.703	4.74	4.777	4.814	4.852
12	cubicles	N8435133	N9556533	11.944446000000001	1.0	19	cubicles N8435133	2.528	2.558	2.589	2.619	2.65	2.681	2.711	2.742	2.772	2.803	2.833	2.864	2.894	2.925	2.956	2.986	3.017	3.047	3.078	3.108	3.139	3.169	3.2	3.231	3.261	3.292	3.322	3.353	3.383	3.414	3.444	3.475	3.506	3.536	3.567	3.597	3.628	3.658	3.689	3.719	3.75	3.781	3.811	3.842	3.872	3.903	3.933	3.964	3.994	4.025
6	cubicles	N2319363	N2367950	9.75	1.0	107	cubicles N2319363	2.375	2.404	2.434	2.464	2.493	2.523	2.552	2.582	2.611	2.64	2.67	2.7	2.729	2.758	2.788	2.818	2.847	2.876	2.906	2.936	2.965	2.994	3.024	3.053	3.083	3.113	3.142	3.172	3.201	3.23	3.26	3.29	3.319	3.349	3.378	3.408	3.437	3.467	3.496	3.526	3.555	3.585	3.614	3.644	3.673	3.702	3.732	3.762	3.791	3.82
170	garden	N8153414	N6330284	23.2	1.0	27	garden N8153414	4.6	4.648	4.696	4.744	4.792	4.84	4.888	4.936	4.984	5.032	5.08	5.128	5.176	5.224	5.272	5.32	5.368	5.416	5.464	5.512	5.56	5.608	5.656	5.704	5.752	5.8	5.848	5.896	5.944	5.992	6.04	6.088	6.136	6.184	6.232	6.28	6.328	6.376	6.424	6.472	6.52	6.568	6.616	6.664	6.712	6.76	6.808	6.856	6.904	6.952
171	garden	N8153414	N6675860	26.000002	0.0	27	garden N8153414	5.4	5.44	5.48	5.52	5.56	5.6	5.64	5.68	5.72	5.76	5.8	5.84	5.88	5.92	5.96	6.0	6.04	6.08	6.12	6.16	6.2	6.24	6.28	6.32	6.36	6.4	6.44	6.48	6.52	6.56	6.6	6.64	6.68	6.72	6.76	6.8	6.84	6.88	6.92	6.96	7.0	7.04	7.08	7.12	7.16	7.2	7.24	7.28	7.32	7.36
72	garden	N7850553	N6320060	18.0	0.6551724138	58	garden N7850553	3.2	3.242	3.284	3.326	3.368	3.41	3.452	3.494	3.536	3.578	3.62	3.662	3.704	3.746	3.788	3.83	3.872	3.914	3.956	3.998	4.04	4.082	4.124	4.166	4.208	4.25	4.292	4.334	4.376	4.418	4.46	4.502	4.544	4.586	4.628	4.67	4.712	4.754	4.796	4.838	4.88	4.922	4.964	5.006	5.048	5.09	5.132	5.174	5.216	5.258
129	garden	N4613075	N5298440	21.285717	0.5	20	garden N4613075	3.5	3.55	3.6	3.65	3.7	3.75	3.8	3.85	3.9	3.95	4.0	4.05	4.1	4.15	4.2	4.25	4.3	4.35	4.4	4.45	4.5	4.55	4.6	4.65	4.7	4.75	4.8	4.85	4.9	4.95	5.0	5.05	5.1	5.15	5.2	5.25	5.3	5.35	5.4	5.45	5.5	5.55	5.6	5.65	5.7	5.75	5.8	5.85	5.9	5.95
62	garden	N7603509	N2138712	16.916666	0.84375	32	garden N7603509	3.583	3.618	3.653	3.688	3.723	3.758	3.793	3.828	3.863	3.898	3.933	3.968	4.003	4.038	4.073	4.108	4.143	4.178	4.213	4.248	4.283	4.318	4.353	4.388	4.423	4.458	4.493	4.528	4.563	4.598	4.633	4.668	4.703	4.738	4.773	4.808	4.843	4.878	4.913	4.948	4.983	5.018	5.053	5.088	5.123	5.158	5.193	5.228	5.263	5.298
73	garden	N7850553	N4613075	18.400002	0.3448275862	58	garden N7850553	4.2	4.242	4.284	4.326	4.368	4.41	4.452	4.494	4.536	4.578	4.62	4.662	4.704	4.746	4.788	4.83	4.872	4.914	4.956	4.998	5.04	5.082	5.124	5.166	5.208	5.25	5.292	5.334	5.376	5.418	5.46	5.502	5.544	5.586	5.628	5.67	5.712	5.754	5.796	5.838	5.88	5.922	5.964	6.006	6.048	6.09	6.132	6.174	6.216	6.258
134	garden	N9476286	N5061495	21.2	0.6315789474	38	garden N9476286	2.8	2.828	2.856	2.884	2.912	2.94	2.968	2.996	3.024	3.052	3.08	3.108	3.136	3.164	3.192	3.22	3.248	3.276	3.304	3.332	3.36	3.388	3.416	3.444	3.472	3.5	3.528	3.556	3.584	3.612	3.64	3.668	3.696	3.724	3.752	3.78	3.808	3.836	3.864	3.892	3.92	3.948	3.976	4.004	4.032	4.06	4.088	4.116	4.144	4.172
104	garden	N4747663	N4619086	20.090908	0.5833333333	36	garden N4747663	3.227	3.279	3.331	3.383	3.435	3.486	3.538	3.59	3.642	3.694	3.745	3.797	3.849	3.901	3.953	4.005	4.056	4.108	4.16	4.212	4.264	4.315	4.367	4.419	4.471	4.523	4.575	4.626	4.678	4.73	4.782	4.834	4.885	4.937	4.989	5.041	5.093	5.145	5.196	5.248	5.3	5.352	5.404	5.455	5.507	5.559	5.611	5.663	5.715	5.766
153	garden	N3123108	N9923259	22.444447	0.8	5	garden N3123108	3.667	3.724	3.782	3.84	3.898	3.956	4.013	4.071	4.129	4.187	4.244	4.302	4.36	4.418	4.476	4.533	4.591	4.649	4.707	4.764	4.822	4.88	4.938	4.996	5.053	5.111	5.169	5.227	5.284	5.342	5.4	5.458	5.516	5.573	5.631	5.689	5.747	5.804	5.862	5.92	5.978	6.036	6.093	6.151	6.209	6.267	6.324	6.382	6.44	6.498
152	garden	N3123108	N5359231	22.444447	0.2	5	garden N3123108	3.778	3.838	3.898	3.958	4.018	4.078	4.138	4.198	4.258	4.318	4.378	4.438	4.498	4.558	4.618	4.678	4.738	4.798	4.858	4.918	4.978	5.038	5.098	5.158	5.218	5.278	5.338	5.398	5.458	5.518	5.578	5.638	5.698	5.758	5.818	5.878	5.938	5.998	6.058	6.118	6.178	6.238	6.298	6.358	6.418	6.478	6.538	6.598	6.658	6.718
149	garden	N8246099	N4984823	23.111113	0.0666666667	15	garden N8246099	4.222	4.269	4.316	4.362	4.409	4.456	4.502	4.549	4.596	4.642	4.689	4.736	4.782	4.829	4.876	4.922	4.969	5.016	5.062	5.109	5.156	5.202	5.249	5.296	5.342	5.389	5.436	5.482	5.529	5.576	5.622	5.669	5.716	5.762	5.809	5.856	5.902	5.949	5.996	6.042	6.089	6.136	6.182	6.229	6.276	6.322	6.369	6.416	6.462	6.509
148	garden	N8246099	N7102836	22.222225	0.0	15	garden N8246099	5.5	5.534	5.569	5.603	5.638	5.672	5.707	5.741	5.776	5.81	5.844	5.879	5.913	5.948	5.982	6.017	6.051	6.086	6.12	6.154	6.189	6.223	6.258	6.292	6.327	6.361	6.396	6.43	6.464	6.499	6.533	6.568	6.602	6.637	6.671	6.706	6.74	6.774	6.809	6.843	6.878	6.912	6.947	6.981	7.016	7.05	7.084	7.119	7.153	7.188
130	garden	N4613075	N4016530	24.428572	0.0	20	garden N4613075	4.071	4.116	4.16	4.204	4.249	4.293	4.337	4.381	4.426	4.47	4.514	4.559	4.603	4.647	4.691	4.736	4.78	4.824	4.869	4.913	4.957	5.001	5.046	5.09	5.134	5.179	5.223	5.267	5.311	5.356	5.4	5.444	5.489	5.533	5.577	5.621	5.666	5.71	5.754	5.799	5.843	5.887	5.931	5.976	6.02	6.064	6.109	6.153	6.197	6.241
105	garden	N4747663	N8246099	20.090908	0.4166666667	36	garden N4747663	3.227	3.279	3.331	3.383	3.435	3.486	3.538	3.59	3.642	3.694	3.745	3.797	3.849	3.901	3.953	4.005	4.056	4.108	4.16	4.212	4.264	4.315	4.367	4.419	4.471	4.523	4.575	4.626	4.678	4.73	4.782	4.834	4.885	4.937	4.989	5.041	5.093	5.145	5.196	5.248	5.3	5.352	5.404	5.455	5.507	5.559	5.611	5.663	5.715	5.766
106	garden	N4747663	N1289190	20.454544	0.0	36	garden N4747663	4.273	4.311	4.349	4.387	4.425	4.464	4.502	4.54	4.578	4.616	4.655	4.693	4.731	4.769	4.807	4.845	4.884	4.922	4.96	4.998	5.036	5.075	5.113	5.151	5.189	5.227	5.265	5.304	5.342	5.38	5.418	5.456	5.495	5.533	5.571	5.609	5.647	5.685	5.724	5.762	5.8	5.838	5.876	5.915	5.953	5.991	6.029	6.067	6.105	6.144
107	garden	N4747663	N5433401	21.181818	0.0	36	garden N4747663	3.591	3.639	3.687	3.735	3.784	3.832	3.88	3.928	3.976	4.025	4.073	4.121	4.169	4.217	4.265	4.314	4.362	4.41	4.458	4.506	4.555	4.603	4.651	4.699	4.747	4.795	4.844	4.892	4.94	4.988	5.036	5.085	5.133	5.181	5.229	5.277	5.325	5.374	5.422	5.47	5.518	5.566	5.615	5.663	5.711	5.759	5.807	5.855	5.904	5.952
137	garden	N4210096	N7830461	22.0	0.3703703704	27	garden N4210096	3.2	3.236	3.272	3.308	3.344	3.38	3.416	3.452	3.488	3.524	3.56	3.596	3.632	3.668	3.704	3.74	3.776	3.812	3.848	3.884	3.92	3.956	3.992	4.028	4.064	4.1	4.136	4.172	4.208	4.244	4.28	4.316	4.352	4.388	4.424	4.46	4.496	4.532	4.568	4.604	4.64	4.676	4.712	4.748	4.784	4.82	4.856	4.892	4.928	4.964
136	garden	N4210096	N7991449	21.2	0.6296296296	27	garden N4210096	2.8	2.828	2.856	2.884	2.912	2.94	2.968	2.996	3.024	3.052	3.08	3.108	3.136	3.164	3.192	3.22	3.248	3.276	3.304	3.332	3.36	3.388	3.416	3.444	3.472	3.5	3.528	3.556	3.584	3.612	3.64	3.668	3.696	3.724	3.752	3.78	3.808	3.836	3.864	3.892	3.92	3.948	3.976	4.004	4.032	4.06	4.088	4.116	4.144	4.172
135	garden	N9476286	N9813497	22.0	0.36842105259999997	38	garden N9476286	3.2	3.236	3.272	3.308	3.344	3.38	3.416	3.452	3.488	3.524	3.56	3.596	3.632	3.668	3.704	3.74	3.776	3.812	3.848	3.884	3.92	3.956	3.992	4.028	4.064	4.1	4.136	4.172	4.208	4.244	4.28	4.316	4.352	4.388	4.424	4.46	4.496	4.532	4.568	4.604	4.64	4.676	4.712	4.748	4.784	4.82	4.856	4.892	4.928	4.964
154	garden	N3123108	N3458250	22.88889	0.0	5	garden N3123108	4.611	4.646	4.68	4.714	4.749	4.783	4.818	4.852	4.887	4.921	4.956	4.99	5.024	5.059	5.093	5.128	5.162	5.197	5.231	5.266	5.3	5.334	5.369	5.403	5.438	5.472	5.507	5.541	5.576	5.61	5.644	5.679	5.713	5.748	5.782	5.817	5.851	5.886	5.92	5.954	5.989	6.023	6.058	6.092	6.127	6.161	6.196	6.23	6.264	6.299
147	garden	N8246099	N7340845	22.222220999999998	0.9333333333	15	garden N8246099	3.778	3.829	3.88	3.931	3.982	4.033	4.084	4.136	4.187	4.238	4.289	4.34	4.391	4.442	4.493	4.544	4.596	4.647	4.698	4.749	4.8	4.851	4.902	4.953	5.004	5.056	5.107	5.158	5.209	5.26	5.311	5.362	5.413	5.464	5.516	5.567	5.618	5.669	5.72	5.771	5.822	5.873	5.924	5.976	6.027	6.078	6.129	6.18	6.231	6.282
63	garden	N7603509	N3123108	20.083336	0.15625	32	garden N7603509	4.125	4.172	4.22	4.268	4.315	4.363	4.41	4.458	4.505	4.552	4.6	4.648	4.695	4.742	4.79	4.838	4.885	4.932	4.98	5.028	5.075	5.122	5.17	5.217	5.265	5.312	5.36	5.408	5.455	5.502	5.55	5.598	5.645	5.693	5.74	5.788	5.835	5.882	5.93	5.978	6.025	6.072	6.12	6.167	6.215	6.262	6.31	6.358	6.405	6.452
128	garden	N4613075	N8153414	20.714287	0.5	20	garden N4613075	3.5	3.55	3.6	3.65	3.7	3.75	3.8	3.85	3.9	3.95	4.0	4.05	4.1	4.15	4.2	4.25	4.3	4.35	4.4	4.45	4.5	4.55	4.6	4.65	4.7	4.75	4.8	4.85	4.9	4.95	5.0	5.05	5.1	5.15	5.2	5.25	5.3	5.35	5.4	5.45	5.5	5.55	5.6	5.65	5.7	5.75	5.8	5.85	5.9	5.95
42	garden	N5115068	N4747663	17.714285	0.2857142857	126	garden N5115068	3.357	3.403	3.449	3.494	3.54	3.586	3.631	3.677	3.723	3.769	3.814	3.86	3.906	3.951	3.997	4.043	4.089	4.134	4.18	4.226	4.271	4.317	4.363	4.409	4.454	4.5	4.546	4.591	4.637	4.683	4.729	4.774	4.82	4.866	4.911	4.957	5.003	5.049	5.094	5.14	5.186	5.231	5.277	5.323	5.369	5.414	5.46	5.506	5.551	5.597
185	garden	N5359231	N8342286	24.714287	0.0	25	garden N5359231	6.286	6.314	6.343	6.371	6.4	6.429	6.457	6.486	6.514	6.543	6.571	6.6	6.629	6.657	6.686	6.714	6.743	6.771	6.8	6.829	6.857	6.886	6.914	6.943	6.971	7.0	7.029	7.057	7.086	7.114	7.143	7.171	7.2	7.229	7.257	7.286	7.314	7.343	7.371	7.4	7.429	7.457	7.486	7.514	7.543	7.571	7.6	7.629	7.657	7.686
186	garden	N4984823	N3931278	24.714287	1.0	1	garden N4984823	4.571	4.6	4.629	4.657	4.686	4.714	4.743	4.771	4.8	4.829	4.857	4.886	4.914	4.943	4.971	5.0	5.029	5.057	5.086	5.114	5.143	5.171	5.2	5.229	5.257	5.286	5.314	5.343	5.371	5.4	5.429	5.457	5.486	5.514	5.543	5.571	5.6	5.629	5.657	5.686	5.714	5.743	5.771	5.8	5.829	5.857	5.886	5.914	5.943	5.971
187	garden	N4984823	N5039419	30.714287	0.0	1	garden N4984823	5.571	5.634	5.697	5.76	5.823	5.886	5.949	6.011	6.074	6.137	6.2	6.263	6.326	6.389	6.451	6.514	6.577	6.64	6.703	6.766	6.829	6.891	6.954	7.017	7.08	7.143	7.206	7.269	7.331	7.394	7.457	7.52	7.583	7.646	7.709	7.771	7.834	7.897	7.96	8.023	8.086	8.149	8.211	8.274	8.337	8.4	8.463	8.526	8.589	8.651
41	garden	N5115068	N7603509	15.571428	0.253968254	126	garden N5115068	2.786	2.831	2.877	2.923	2.969	3.014	3.06	3.106	3.151	3.197	3.243	3.289	3.334	3.38	3.426	3.471	3.517	3.563	3.609	3.654	3.7	3.746	3.791	3.837	3.883	3.929	3.974	4.02	4.066	4.111	4.157	4.203	4.249	4.294	4.34	4.386	4.431	4.477	4.523	4.569	4.614	4.66	4.706	4.751	4.797	4.843	4.889	4.934	4.98	5.026
40	garden	N5115068	N7850553	15.000001000000001	0.46031746030000004	126	garden N5115068	2.893	2.931	2.969	3.006	3.044	3.082	3.12	3.158	3.196	3.234	3.271	3.309	3.347	3.385	3.423	3.461	3.499	3.536	3.574	3.612	3.65	3.688	3.726	3.764	3.801	3.839	3.877	3.915	3.953	3.991	4.029	4.066	4.104	4.142	4.18	4.218	4.256	4.294	4.331	4.369	4.407	4.445	4.483	4.521	4.559	4.596	4.634	4.672	4.71	4.748
184	garden	N5359231	N1983367	24.714287	1.0	25	garden N5359231	4.714	4.777	4.84	4.903	4.966	5.029	5.091	5.154	5.217	5.28	5.343	5.406	5.469	5.531	5.594	5.657	5.72	5.783	5.846	5.909	5.971	6.034	6.097	6.16	6.223	6.286	6.349	6.411	6.474	6.537	6.6	6.663	6.726	6.789	6.851	6.914	6.977	7.04	7.103	7.166	7.229	7.291	7.354	7.417	7.48	7.543	7.606	7.669	7.731	7.794
156	ikea	N2396034	N239392	23.5	0.0	2	ikea N2396034	4.062	4.101	4.14	4.179	4.218	4.256	4.295	4.334	4.372	4.411	4.45	4.489	4.528	4.566	4.605	4.644	4.682	4.721	4.76	4.799	4.838	4.876	4.915	4.954	4.992	5.031	5.07	5.109	5.148	5.186	5.225	5.264	5.302	5.341	5.38	5.419	5.458	5.496	5.535	5.574	5.613	5.651	5.69	5.729	5.768	5.806	5.845	5.884	5.922	5.961
155	ikea	N2396034	N5268104	22.5	1.0	2	ikea N2396034	3.812	3.851	3.89	3.929	3.968	4.006	4.045	4.084	4.122	4.161	4.2	4.239	4.278	4.316	4.355	4.394	4.432	4.471	4.51	4.549	4.588	4.626	4.665	4.704	4.742	4.781	4.82	4.859	4.898	4.936	4.975	5.014	5.052	5.091	5.13	5.169	5.208	5.246	5.285	5.324	5.363	5.401	5.44	5.479	5.518	5.556	5.595	5.634	5.672	5.711
94	ikea	N4486578	N2531862	19.5	0.9848484848000001	66	ikea N4486578	4.667	4.677	4.687	4.697	4.707	4.717	4.727	4.737	4.747	4.757	4.767	4.777	4.787	4.797	4.807	4.817	4.827	4.837	4.847	4.857	4.867	4.877	4.887	4.897	4.907	4.917	4.927	4.937	4.947	4.957	4.967	4.977	4.987	4.997	5.007	5.017	5.027	5.037	5.047	5.057	5.067	5.077	5.087	5.097	5.107	5.117	5.127	5.137	5.147	5.157
95	ikea	N4486578	N132046	22.5	0.0151515152	66	ikea N4486578	3.667	3.697	3.727	3.757	3.787	3.817	3.847	3.877	3.907	3.937	3.967	3.997	4.027	4.057	4.087	4.117	4.147	4.177	4.207	4.237	4.267	4.297	4.327	4.357	4.387	4.417	4.447	4.477	4.507	4.537	4.567	4.597	4.627	4.657	4.687	4.717	4.747	4.777	4.807	4.837	4.867	4.897	4.927	4.957	4.987	5.017	5.047	5.077	5.107	5.137
96	ikea	N4631048	N9016413	19.500002	0.9473684211	38	ikea N4631048	4.875	4.931	4.987	5.042	5.098	5.154	5.21	5.266	5.322	5.378	5.433	5.489	5.545	5.601	5.657	5.712	5.768	5.824	5.88	5.936	5.992	6.047	6.103	6.159	6.215	6.271	6.327	6.382	6.438	6.494	6.55	6.606	6.662	6.718	6.773	6.829	6.885	6.941	6.997	7.052	7.108	7.164	7.22	7.276	7.332	7.388	7.443	7.499	7.555	7.611
98	ikea	N4631048	N5861572	23.166666	0.052631578899999996	38	ikea N4631048	4.542	4.611	4.68	4.749	4.818	4.888	4.957	5.026	5.095	5.164	5.233	5.302	5.372	5.441	5.51	5.579	5.648	5.718	5.787	5.856	5.925	5.994	6.063	6.132	6.202	6.271	6.34	6.409	6.478	6.548	6.617	6.686	6.755	6.824	6.893	6.963	7.032	7.101	7.17	7.239	7.308	7.378	7.447	7.516	7.585	7.654	7.723	7.792	7.862	7.931
83	ikea	N100354	N1400368	19.5	0.164556962	79	ikea N100354	3.062	3.101	3.14	3.179	3.218	3.256	3.295	3.334	3.372	3.411	3.45	3.489	3.528	3.566	3.605	3.644	3.682	3.721	3.76	3.799	3.838	3.876	3.915	3.954	3.992	4.031	4.07	4.109	4.148	4.186	4.225	4.264	4.302	4.341	4.38	4.419	4.458	4.496	4.535	4.574	4.613	4.651	4.69	4.729	4.768	4.806	4.845	4.884	4.922	4.961
32	ikea	N9812190	N1448237	16.105263	0.373015873	126	ikea N9812190	3.132	3.174	3.217	3.259	3.302	3.345	3.387	3.43	3.473	3.515	3.558	3.601	3.643	3.686	3.728	3.771	3.814	3.856	3.899	3.942	3.984	4.027	4.069	4.112	4.155	4.197	4.24	4.283	4.325	4.368	4.411	4.453	4.496	4.538	4.581	4.624	4.666	4.709	4.752	4.794	4.837	4.879	4.922	4.965	5.007	5.05	5.093	5.135	5.178	5.221
31	ikea	N9812190	N6109064	14.526314999999999	0.6269841270000001	126	ikea N9812190	2.974	3.009	3.044	3.079	3.115	3.15	3.185	3.221	3.256	3.291	3.326	3.362	3.397	3.432	3.467	3.503	3.538	3.573	3.608	3.644	3.679	3.714	3.749	3.785	3.82	3.855	3.891	3.926	3.961	3.996	4.032	4.067	4.102	4.137	4.173	4.208	4.243	4.278	4.314	4.349	4.384	4.419	4.455	4.49	4.525	4.561	4.596	4.631	4.666	4.702
120	ikea	N1400368	N9676480	20.5	0.9230769231	13	ikea N1400368	4.667	4.677	4.687	4.697	4.707	4.717	4.727	4.737	4.747	4.757	4.767	4.777	4.787	4.797	4.807	4.817	4.827	4.837	4.847	4.857	4.867	4.877	4.887	4.897	4.907	4.917	4.927	4.937	4.947	4.957	4.967	4.977	4.987	4.997	5.007	5.017	5.027	5.037	5.047	5.057	5.067	5.077	5.087	5.097	5.107	5.117	5.127	5.137	5.147	5.157
121	ikea	N1400368	N2021230	23.5	0.0769230769	13	ikea N1400368	3.667	3.697	3.727	3.757	3.787	3.817	3.847	3.877	3.907	3.937	3.967	3.997	4.027	4.057	4.087	4.117	4.147	4.177	4.207	4.237	4.267	4.297	4.327	4.357	4.387	4.417	4.447	4.477	4.507	4.537	4.567	4.597	4.627	4.657	4.687	4.717	4.747	4.777	4.807	4.837	4.867	4.897	4.927	4.957	4.987	5.017	5.047	5.077	5.107	5.137
133	ikea	N234416	N9299941	23.666666	0.0	7	ikea N234416	4.292	4.356	4.42	4.484	4.548	4.613	4.677	4.741	4.805	4.869	4.933	4.998	5.062	5.126	5.19	5.254	5.318	5.382	5.447	5.511	5.575	5.639	5.703	5.768	5.832	5.896	5.96	6.024	6.088	6.153	6.217	6.281	6.345	6.409	6.473	6.538	6.602	6.666	6.73	6.794	6.858	6.922	6.987	7.051	7.115	7.179	7.243	7.308	7.372	7.436
132	ikea	N234416	N6099980	23.666666	0.0	7	ikea N234416	5.792	5.819	5.847	5.874	5.902	5.929	5.957	5.984	6.012	6.039	6.067	6.094	6.122	6.149	6.177	6.204	6.232	6.259	6.287	6.314	6.342	6.369	6.397	6.424	6.452	6.479	6.507	6.534	6.562	6.589	6.617	6.644	6.672	6.699	6.727	6.754	6.782	6.809	6.837	6.864	6.892	6.919	6.947	6.974	7.002	7.029	7.057	7.084	7.112	7.139
131	ikea	N234416	N3896859	21.0	1.0	7	ikea N234416	4.792	4.846	4.9	4.954	5.008	5.062	5.117	5.171	5.225	5.279	5.333	5.387	5.442	5.496	5.55	5.604	5.658	5.712	5.767	5.821	5.875	5.929	5.983	6.038	6.092	6.146	6.2	6.254	6.308	6.363	6.417	6.471	6.525	6.579	6.633	6.688	6.742	6.796	6.85	6.904	6.958	7.012	7.067	7.121	7.175	7.229	7.283	7.338	7.392	7.446
97	ikea	N4631048	N6560058	22.166667999999998	0.0	38	ikea N4631048	5.375	5.404	5.433	5.462	5.492	5.521	5.55	5.579	5.608	5.638	5.667	5.696	5.725	5.754	5.783	5.812	5.842	5.871	5.9	5.929	5.958	5.988	6.017	6.046	6.075	6.104	6.133	6.162	6.192	6.221	6.25	6.279	6.308	6.338	6.367	6.396	6.425	6.454	6.483	6.512	6.542	6.571	6.6	6.629	6.658	6.688	6.717	6.746	6.775	6.804
82	ikea	N100354	N4486578	18.5	0.835443038	79	ikea N100354	2.812	2.851	2.89	2.929	2.968	3.006	3.045	3.084	3.122	3.161	3.2	3.239	3.278	3.316	3.355	3.394	3.432	3.471	3.51	3.549	3.588	3.626	3.665	3.704	3.742	3.781	3.82	3.859	3.898	3.936	3.975	4.014	4.052	4.091	4.13	4.169	4.208	4.246	4.285	4.324	4.363	4.401	4.44	4.479	4.518	4.556	4.595	4.634	4.672	4.711
181	ikea	N5861572	N8432610	27.3	0.3333333333	3	ikea N5861572	7.4	7.442	7.484	7.526	7.568	7.61	7.652	7.694	7.736	7.778	7.82	7.862	7.904	7.946	7.988	8.03	8.072	8.114	8.156	8.198	8.24	8.282	8.324	8.366	8.408	8.45	8.492	8.534	8.576	8.618	8.66	8.702	8.744	8.786	8.828	8.87	8.912	8.954	8.996	9.038	9.08	9.122	9.164	9.206	9.248	9.29	9.332	9.374	9.416	9.458
191	ikea	N9299941	N4612840	24.900002	1.0	1	ikea N9299941	4.75	4.809	4.868	4.927	4.986	5.045	5.104	5.163	5.222	5.281	5.34	5.399	5.458	5.517	5.576	5.635	5.694	5.753	5.812	5.871	5.93	5.989	6.048	6.107	6.166	6.225	6.284	6.343	6.402	6.461	6.52	6.579	6.638	6.697	6.756	6.815	6.874	6.933	6.992	7.051	7.11	7.169	7.228	7.287	7.346	7.405	7.464	7.523	7.582	7.641
79	ikea	N1448237	N234416	19.785715	0.1489361702	47	ikea N1448237	3.714	3.776	3.837	3.899	3.96	4.021	4.083	4.144	4.206	4.267	4.329	4.39	4.451	4.513	4.574	4.636	4.697	4.759	4.82	4.881	4.943	5.004	5.066	5.127	5.189	5.25	5.311	5.373	5.434	5.496	5.557	5.619	5.68	5.741	5.803	5.864	5.926	5.987	6.049	6.11	6.171	6.233	6.294	6.356	6.417	6.479	6.54	6.601	6.663	6.724
78	ikea	N1448237	N2396034	18.785713	0.042553191500000004	47	ikea N1448237	4.143	4.176	4.209	4.241	4.274	4.307	4.34	4.373	4.406	4.439	4.471	4.504	4.537	4.57	4.603	4.636	4.669	4.701	4.734	4.767	4.8	4.833	4.866	4.899	4.931	4.964	4.997	5.03	5.063	5.096	5.129	5.161	5.194	5.227	5.26	5.293	5.326	5.359	5.391	5.424	5.457	5.49	5.523	5.556	5.589	5.621	5.654	5.687	5.72	5.753
77	ikea	N1448237	N4631048	18.357143	0.8085106383	47	ikea N1448237	3.429	3.487	3.546	3.604	3.663	3.721	3.78	3.839	3.897	3.956	4.014	4.073	4.131	4.19	4.249	4.307	4.366	4.424	4.483	4.541	4.6	4.659	4.717	4.776	4.834	4.893	4.951	5.01	5.069	5.127	5.186	5.244	5.303	5.361	5.42	5.479	5.537	5.596	5.654	5.713	5.771	5.83	5.889	5.947	6.006	6.064	6.123	6.181	6.24	6.299
180	ikea	N5861572	N4207326	24.5	0.6666666667	3	ikea N5861572	5.05	5.115	5.18	5.245	5.31	5.375	5.44	5.505	5.57	5.635	5.7	5.765	5.83	5.895	5.96	6.025	6.09	6.155	6.22	6.285	6.35	6.415	6.48	6.545	6.61	6.675	6.74	6.805	6.87	6.935	7.0	7.065	7.13	7.195	7.26	7.325	7.39	7.455	7.52	7.585	7.65	7.715	7.78	7.845	7.91	7.975	8.04	8.105	8.17	8.235
192	ikea	N9299941	N1515191	27.3	0.0	1	ikea N9299941	6.8	6.842	6.884	6.926	6.968	7.01	7.052	7.094	7.136	7.178	7.22	7.262	7.304	7.346	7.388	7.43	7.472	7.514	7.556	7.598	7.64	7.682	7.724	7.766	7.808	7.85	7.892	7.934	7.976	8.018	8.06	8.102	8.144	8.186	8.228	8.27	8.312	8.354	8.396	8.438	8.48	8.522	8.564	8.606	8.648	8.69	8.732	8.774	8.816	8.858
172	ikea	N5268104	N386561	23.5	1.0	2	ikea N5268104	4.667	4.677	4.687	4.697	4.707	4.717	4.727	4.737	4.747	4.757	4.767	4.777	4.787	4.797	4.807	4.817	4.827	4.837	4.847	4.857	4.867	4.877	4.887	4.897	4.907	4.917	4.927	4.937	4.947	4.957	4.967	4.977	4.987	4.997	5.007	5.017	5.027	5.037	5.047	5.057	5.067	5.077	5.087	5.097	5.107	5.117	5.127	5.137	5.147	5.157
173	ikea	N5268104	N7542936	26.5	0.0	2	ikea N5268104	3.667	3.697	3.727	3.757	3.787	3.817	3.847	3.877	3.907	3.937	3.967	3.997	4.027	4.057	4.087	4.117	4.147	4.177	4.207	4.237	4.267	4.297	4.327	4.357	4.387	4.417	4.447	4.477	4.507	4.537	4.567	4.597	4.627	4.657	4.687	4.717	4.747	4.777	4.807	4.837	4.867	4.897	4.927	4.957	4.987	5.017	5.047	5.077	5.107	5.137
143	lab	N7839123	N6747577	22.142857	0.7	20	lab N7839123	3.214	3.27	3.326	3.381	3.437	3.493	3.549	3.604	3.66	3.716	3.771	3.827	3.883	3.939	3.994	4.05	4.106	4.161	4.217	4.273	4.329	4.384	4.44	4.496	4.551	4.607	4.663	4.719	4.774	4.83	4.886	4.941	4.997	5.053	5.109	5.164	5.22	5.276	5.331	5.387	5.443	5.499	5.554	5.61	5.666	5.721	5.777	5.833	5.889	5.944
142	lab	N7839123	N3878758	21.857143	0.3	20	lab N7839123	3.214	3.259	3.303	3.347	3.391	3.436	3.48	3.524	3.569	3.613	3.657	3.701	3.746	3.79	3.834	3.879	3.923	3.967	4.011	4.056	4.1	4.144	4.189	4.233	4.277	4.321	4.366	4.41	4.454	4.499	4.543	4.587	4.631	4.676	4.72	4.764	4.809	4.853	4.897	4.941	4.986	5.03	5.074	5.119	5.163	5.207	5.251	5.296	5.34	5.384
207	lab	N9798875	N8488385	31.2	0.0	5	lab N9798875	5.8	5.848	5.896	5.944	5.992	6.04	6.088	6.136	6.184	6.232	6.28	6.328	6.376	6.424	6.472	6.52	6.568	6.616	6.664	6.712	6.76	6.808	6.856	6.904	6.952	7.0	7.048	7.096	7.144	7.192	7.24	7.288	7.336	7.384	7.432	7.48	7.528	7.576	7.624	7.672	7.72	7.768	7.816	7.864	7.912	7.96	8.008	8.056	8.104	8.152
208	lab	N239923	N1797478	28.833332000000002	0.2941176471	17	lab N239923	7.25	7.268	7.287	7.305	7.323	7.342	7.36	7.378	7.397	7.415	7.433	7.452	7.47	7.488	7.507	7.525	7.543	7.562	7.58	7.598	7.617	7.635	7.653	7.672	7.69	7.708	7.727	7.745	7.763	7.782	7.8	7.818	7.837	7.855	7.873	7.892	7.91	7.928	7.947	7.965	7.983	8.002	8.02	8.038	8.057	8.075	8.093	8.112	8.13	8.148
209	lab	N239923	N9684539	30.166664	0.7058823529000001	17	lab N239923	5.0	5.037	5.073	5.11	5.147	5.183	5.22	5.257	5.293	5.33	5.367	5.403	5.44	5.477	5.513	5.55	5.587	5.623	5.66	5.697	5.733	5.77	5.807	5.843	5.88	5.917	5.953	5.99	6.027	6.063	6.1	6.137	6.173	6.21	6.247	6.283	6.32	6.357	6.393	6.43	6.467	6.503	6.54	6.577	6.613	6.65	6.687	6.723	6.76	6.797
210	lab	N3936820	N4841925	28.833332000000002	0.2666666667	30	lab N3936820	7.917	7.935	7.953	7.972	7.99	8.008	8.027	8.045	8.063	8.082	8.1	8.118	8.137	8.155	8.173	8.192	8.21	8.228	8.247	8.265	8.283	8.302	8.32	8.338	8.357	8.375	8.393	8.412	8.43	8.448	8.467	8.485	8.503	8.522	8.54	8.558	8.577	8.595	8.613	8.632	8.65	8.668	8.687	8.705	8.723	8.742	8.76	8.778	8.797	8.815
211	lab	N3936820	N7852858	30.166664	0.7333333333	30	lab N3936820	5.333	5.37	5.407	5.443	5.48	5.517	5.553	5.59	5.627	5.663	5.7	5.737	5.773	5.81	5.847	5.883	5.92	5.957	5.993	6.03	6.067	6.103	6.14	6.177	6.213	6.25	6.287	6.323	6.36	6.397	6.433	6.47	6.507	6.543	6.58	6.617	6.653	6.69	6.727	6.763	6.8	6.837	6.873	6.91	6.947	6.983	7.02	7.057	7.093	7.13
212	lab	N1930098	N1501992	29.0	0.8888888889	9	lab N1930098	4.0	4.025	4.05	4.075	4.1	4.125	4.15	4.175	4.2	4.225	4.25	4.275	4.3	4.325	4.35	4.375	4.4	4.425	4.45	4.475	4.5	4.525	4.55	4.575	4.6	4.625	4.65	4.675	4.7	4.725	4.75	4.775	4.8	4.825	4.85	4.875	4.9	4.925	4.95	4.975	5.0	5.025	5.05	5.075	5.1	5.125	5.15	5.175	5.2	5.225
164	lab	N63617	N242960	23.7	0.0	17	lab N63617	5.2	5.236	5.272	5.308	5.344	5.38	5.416	5.452	5.488	5.524	5.56	5.596	5.632	5.668	5.704	5.74	5.776	5.812	5.848	5.884	5.92	5.956	5.992	6.028	6.064	6.1	6.136	6.172	6.208	6.244	6.28	6.316	6.352	6.388	6.424	6.46	6.496	6.532	6.568	6.604	6.64	6.676	6.712	6.748	6.784	6.82	6.856	6.892	6.928	6.964
144	lab	N7839123	N4211456	25.0	0.0	20	lab N7839123	3.714	3.751	3.789	3.826	3.863	3.9	3.937	3.974	4.011	4.049	4.086	4.123	4.16	4.197	4.234	4.271	4.309	4.346	4.383	4.42	4.457	4.494	4.531	4.569	4.606	4.643	4.68	4.717	4.754	4.791	4.829	4.866	4.903	4.94	4.977	5.014	5.051	5.089	5.126	5.163	5.2	5.237	5.274	5.311	5.349	5.386	5.423	5.46	5.497	5.534
214	lab	N5408887	N441665	31.2	0.0	1	lab N5408887	5.0	5.048	5.096	5.144	5.192	5.24	5.288	5.336	5.384	5.432	5.48	5.528	5.576	5.624	5.672	5.72	5.768	5.816	5.864	5.912	5.96	6.008	6.056	6.104	6.152	6.2	6.248	6.296	6.344	6.392	6.44	6.488	6.536	6.584	6.632	6.68	6.728	6.776	6.824	6.872	6.92	6.968	7.016	7.064	7.112	7.16	7.208	7.256	7.304	7.352
179	lab	N5745806	N7444307	25.11111	0.0322580645	31	lab N5745806	4.444	4.491	4.538	4.584	4.631	4.678	4.724	4.771	4.818	4.864	4.911	4.958	5.004	5.051	5.098	5.144	5.191	5.238	5.284	5.331	5.378	5.424	5.471	5.518	5.564	5.611	5.658	5.704	5.751	5.798	5.844	5.891	5.938	5.984	6.031	6.078	6.124	6.171	6.218	6.264	6.311	6.358	6.404	6.451	6.498	6.544	6.591	6.638	6.684	6.731
190	lab	N3878758	N3706462	27.2	0.0	6	lab N3878758	5.2	5.236	5.272	5.308	5.344	5.38	5.416	5.452	5.488	5.524	5.56	5.596	5.632	5.668	5.704	5.74	5.776	5.812	5.848	5.884	5.92	5.956	5.992	6.028	6.064	6.1	6.136	6.172	6.208	6.244	6.28	6.316	6.352	6.388	6.424	6.46	6.496	6.532	6.568	6.604	6.64	6.676	6.712	6.748	6.784	6.82	6.856	6.892	6.928	6.964
189	lab	N3878758	N8861539	25.6	0.0	6	lab N3878758	4.1	4.162	4.224	4.286	4.348	4.41	4.472	4.534	4.596	4.658	4.72	4.782	4.844	4.906	4.968	5.03	5.092	5.154	5.216	5.278	5.34	5.402	5.464	5.526	5.588	5.65	5.712	5.774	5.836	5.898	5.96	6.022	6.084	6.146	6.208	6.27	6.332	6.394	6.456	6.518	6.58	6.642	6.704	6.766	6.828	6.89	6.952	7.014	7.076	7.138
188	lab	N3878758	N6463419	24.8	1.0	6	lab N3878758	3.4	3.456	3.512	3.568	3.624	3.68	3.736	3.792	3.848	3.904	3.96	4.016	4.072	4.128	4.184	4.24	4.296	4.352	4.408	4.464	4.52	4.576	4.632	4.688	4.744	4.8	4.856	4.912	4.968	5.024	5.08	5.136	5.192	5.248	5.304	5.36	5.416	5.472	5.528	5.584	5.64	5.696	5.752	5.808	5.864	5.92	5.976	6.032	6.088	6.144
215	lab	N5408887	N5399461	34.0	1.0	1	lab N5408887	5.8	5.84	5.88	5.92	5.96	6.0	6.04	6.08	6.12	6.16	6.2	6.24	6.28	6.32	6.36	6.4	6.44	6.48	6.52	6.56	6.6	6.64	6.68	6.72	6.76	6.8	6.84	6.88	6.92	6.96	7.0	7.04	7.08	7.12	7.16	7.2	7.24	7.28	7.32	7.36	7.4	7.44	7.48	7.52	7.56	7.6	7.64	7.68	7.72	7.76
213	lab	N1930098	N2539902	33.0	0.11111111109999999	9	lab N1930098	4.625	4.678	4.73	4.783	4.835	4.888	4.94	4.993	5.045	5.098	5.15	5.203	5.255	5.308	5.36	5.413	5.465	5.518	5.57	5.623	5.675	5.728	5.78	5.833	5.885	5.938	5.99	6.042	6.095	6.148	6.2	6.252	6.305	6.358	6.41	6.463	6.515	6.568	6.62	6.672	6.725	6.778	6.83	6.882	6.935	6.988	7.04	7.093	7.145	7.198
206	lab	N9798875	N5984201	28.0	1.0	5	lab N9798875	4.2	4.24	4.28	4.32	4.36	4.4	4.44	4.48	4.52	4.56	4.6	4.64	4.68	4.72	4.76	4.8	4.84	4.88	4.92	4.96	5.0	5.04	5.08	5.12	5.16	5.2	5.24	5.28	5.32	5.36	5.4	5.44	5.48	5.52	5.56	5.6	5.64	5.68	5.72	5.76	5.8	5.84	5.88	5.92	5.96	6.0	6.04	6.08	6.12	6.16
178	lab	N5745806	N9798875	24.222223	0.0	31	lab N5745806	5.944	5.979	6.013	6.048	6.082	6.117	6.151	6.186	6.22	6.254	6.289	6.323	6.358	6.392	6.427	6.461	6.496	6.53	6.564	6.599	6.633	6.668	6.702	6.737	6.771	6.806	6.84	6.874	6.909	6.943	6.978	7.012	7.047	7.081	7.116	7.15	7.184	7.219	7.253	7.288	7.322	7.357	7.391	7.426	7.46	7.494	7.529	7.563	7.598	7.632
202	lab	N7646124	N1142105	28.285713	0.0	17	lab N7646124	6.286	6.314	6.343	6.371	6.4	6.429	6.457	6.486	6.514	6.543	6.571	6.6	6.629	6.657	6.686	6.714	6.743	6.771	6.8	6.829	6.857	6.886	6.914	6.943	6.971	7.0	7.029	7.057	7.086	7.114	7.143	7.171	7.2	7.229	7.257	7.286	7.314	7.343	7.371	7.4	7.429	7.457	7.486	7.514	7.543	7.571	7.6	7.629	7.657	7.686
166	lab	N63617	N6241308	24.5	0.0	17	lab N63617	4.05	4.097	4.144	4.191	4.238	4.285	4.332	4.379	4.426	4.473	4.52	4.567	4.614	4.661	4.708	4.755	4.802	4.849	4.896	4.943	4.99	5.037	5.084	5.131	5.178	5.225	5.272	5.319	5.366	5.413	5.46	5.507	5.554	5.601	5.648	5.695	5.742	5.789	5.836	5.883	5.93	5.977	6.024	6.071	6.118	6.165	6.212	6.259	6.306	6.353
194	lab	N2601690	N7646124	26.249997999999998	0.8947368420999999	19	lab N2601690	3.562	3.616	3.67	3.724	3.778	3.831	3.885	3.939	3.992	4.046	4.1	4.154	4.208	4.261	4.315	4.369	4.422	4.476	4.53	4.584	4.637	4.691	4.745	4.799	4.852	4.906	4.96	5.014	5.068	5.121	5.175	5.229	5.283	5.336	5.39	5.444	5.498	5.551	5.605	5.659	5.712	5.766	5.82	5.874	5.928	5.981	6.035	6.089	6.142	6.196
163	lab	N63617	N5745806	22.9	1.0	17	lab N63617	3.15	3.209	3.268	3.327	3.386	3.445	3.504	3.563	3.622	3.681	3.74	3.799	3.858	3.917	3.976	4.035	4.094	4.153	4.212	4.271	4.33	4.389	4.448	4.507	4.566	4.625	4.684	4.743	4.802	4.861	4.92	4.979	5.038	5.097	5.156	5.215	5.274	5.333	5.392	5.451	5.51	5.569	5.628	5.687	5.746	5.805	5.864	5.923	5.982	6.041
162	lab	N3633749	N9447532	23.777779000000002	0.0	13	lab N3633749	4.111	4.156	4.2	4.244	4.289	4.333	4.378	4.422	4.467	4.511	4.556	4.6	4.644	4.689	4.733	4.778	4.822	4.867	4.911	4.956	5.0	5.044	5.089	5.133	5.178	5.222	5.267	5.311	5.356	5.4	5.444	5.489	5.533	5.578	5.622	5.667	5.711	5.756	5.8	5.844	5.889	5.933	5.978	6.022	6.067	6.111	6.156	6.2	6.244	6.289
161	lab	N3633749	N2601690	23.777779000000002	1.0	13	lab N3633749	3.111	3.167	3.222	3.278	3.333	3.389	3.444	3.5	3.556	3.611	3.667	3.722	3.778	3.833	3.889	3.944	4.0	4.056	4.111	4.167	4.222	4.278	4.333	4.389	4.444	4.5	4.556	4.611	4.667	4.722	4.778	4.833	4.889	4.944	5.0	5.056	5.111	5.167	5.222	5.278	5.333	5.389	5.444	5.5	5.556	5.611	5.667	5.722	5.778	5.833
160	lab	N3633749	N752499	23.777777	0.0	13	lab N3633749	3.5	3.559	3.618	3.677	3.736	3.794	3.853	3.912	3.971	4.03	4.089	4.148	4.207	4.266	4.324	4.383	4.442	4.501	4.56	4.619	4.678	4.737	4.796	4.854	4.913	4.972	5.031	5.09	5.149	5.208	5.267	5.326	5.384	5.443	5.502	5.561	5.62	5.679	5.738	5.797	5.856	5.914	5.973	6.032	6.091	6.15	6.209	6.268	6.327	6.386
193	lab	N2601690	N1930098	25.25	0.052631578899999996	19	lab N2601690	6.562	6.589	6.615	6.641	6.668	6.694	6.72	6.746	6.772	6.799	6.825	6.851	6.877	6.904	6.93	6.956	6.982	7.009	7.035	7.061	7.088	7.114	7.14	7.166	7.192	7.219	7.245	7.271	7.297	7.324	7.35	7.376	7.402	7.429	7.455	7.481	7.508	7.534	7.56	7.586	7.613	7.639	7.665	7.691	7.717	7.744	7.77	7.796	7.822	7.849
174	lab	N6747577	N7985505	23.5	1.0	14	lab N6747577	3.417	3.478	3.54	3.602	3.663	3.725	3.787	3.848	3.91	3.972	4.033	4.095	4.157	4.218	4.28	4.342	4.403	4.465	4.527	4.588	4.65	4.712	4.773	4.835	4.897	4.958	5.02	5.082	5.143	5.205	5.267	5.328	5.39	5.452	5.513	5.575	5.637	5.698	5.76	5.822	5.883	5.945	6.007	6.068	6.13	6.192	6.253	6.315	6.377	6.438
175	lab	N6747577	N1618589	25.5	0.0	14	lab N6747577	4.333	4.383	4.433	4.483	4.533	4.583	4.633	4.683	4.733	4.783	4.833	4.883	4.933	4.983	5.033	5.083	5.133	5.183	5.233	5.283	5.333	5.383	5.433	5.483	5.533	5.583	5.633	5.683	5.733	5.783	5.833	5.883	5.933	5.983	6.033	6.083	6.133	6.183	6.233	6.283	6.333	6.383	6.433	6.483	6.533	6.583	6.633	6.683	6.733	6.783
176	lab	N6747577	N7823548	27.833332000000002	0.0	14	lab N6747577	4.917	4.958	5.0	5.042	5.083	5.125	5.167	5.208	5.25	5.292	5.333	5.375	5.417	5.458	5.5	5.542	5.583	5.625	5.667	5.708	5.75	5.792	5.833	5.875	5.917	5.958	6.0	6.042	6.083	6.125	6.167	6.208	6.25	6.292	6.333	6.375	6.417	6.458	6.5	6.542	6.583	6.625	6.667	6.708	6.75	6.792	6.833	6.875	6.917	6.958
195	lab	N2601690	N124975	26.25	0.052631578899999996	19	lab N2601690	4.625	4.665	4.705	4.745	4.785	4.825	4.865	4.905	4.945	4.985	5.025	5.065	5.105	5.145	5.185	5.225	5.265	5.305	5.345	5.385	5.425	5.465	5.505	5.545	5.585	5.625	5.665	5.705	5.745	5.785	5.825	5.865	5.905	5.945	5.985	6.025	6.065	6.105	6.145	6.185	6.225	6.265	6.305	6.345	6.385	6.425	6.465	6.505	6.545	6.585
198	lab	N1113507	N8238657	26.42857	0.0	30	lab N1113507	6.357	6.387	6.417	6.447	6.477	6.507	6.537	6.567	6.597	6.627	6.657	6.687	6.717	6.747	6.777	6.807	6.837	6.867	6.897	6.927	6.957	6.987	7.017	7.047	7.077	7.107	7.137	7.167	7.197	7.227	7.257	7.287	7.317	7.347	7.377	7.407	7.437	7.467	7.497	7.527	7.557	7.587	7.617	7.647	7.677	7.707	7.737	7.767	7.797	7.827
199	lab	N1113507	N3936820	27.285713	1.0	30	lab N1113507	3.5	3.561	3.623	3.684	3.746	3.807	3.869	3.93	3.991	4.053	4.114	4.176	4.237	4.299	4.36	4.421	4.483	4.544	4.606	4.667	4.729	4.79	4.851	4.913	4.974	5.036	5.097	5.159	5.22	5.281	5.343	5.404	5.466	5.527	5.589	5.65	5.711	5.773	5.834	5.896	5.957	6.019	6.08	6.141	6.203	6.264	6.326	6.387	6.449	6.51
200	lab	N1113507	N661854	27.57143	0.0	30	lab N1113507	4.714	4.76	4.806	4.851	4.897	4.943	4.989	5.034	5.08	5.126	5.171	5.217	5.263	5.309	5.354	5.4	5.446	5.491	5.537	5.583	5.629	5.674	5.72	5.766	5.811	5.857	5.903	5.949	5.994	6.04	6.086	6.131	6.177	6.223	6.269	6.314	6.36	6.406	6.451	6.497	6.543	6.589	6.634	6.68	6.726	6.771	6.817	6.863	6.909	6.954
177	lab	N5745806	N1113507	24.222220999999998	0.9677419355	31	lab N5745806	4.0	4.051	4.102	4.153	4.204	4.256	4.307	4.358	4.409	4.46	4.511	4.562	4.613	4.664	4.716	4.767	4.818	4.869	4.92	4.971	5.022	5.073	5.124	5.176	5.227	5.278	5.329	5.38	5.431	5.482	5.533	5.584	5.636	5.687	5.738	5.789	5.84	5.891	5.942	5.993	6.044	6.096	6.147	6.198	6.249	6.3	6.351	6.402	6.453	6.504
165	lab	N63617	N2927853	23.9	0.0	17	lab N63617	3.7	3.752	3.804	3.856	3.908	3.96	4.012	4.064	4.116	4.168	4.22	4.272	4.324	4.376	4.428	4.48	4.532	4.584	4.636	4.688	4.74	4.792	4.844	4.896	4.948	5.0	5.052	5.104	5.156	5.208	5.26	5.312	5.364	5.416	5.468	5.52	5.572	5.624	5.676	5.728	5.78	5.832	5.884	5.936	5.988	6.04	6.092	6.144	6.196	6.248
201	lab	N7646124	N239923	27.42857	1.0	17	lab N7646124	3.214	3.273	3.331	3.39	3.449	3.507	3.566	3.624	3.683	3.741	3.8	3.859	3.917	3.976	4.034	4.093	4.151	4.21	4.269	4.327	4.386	4.444	4.503	4.561	4.62	4.679	4.737	4.796	4.854	4.913	4.971	5.03	5.089	5.147	5.206	5.264	5.323	5.381	5.44	5.499	5.557	5.616	5.674	5.733	5.791	5.85	5.909	5.967	6.026	6.084
203	lab	N7646124	N3814011	29.428573999999998	0.0	17	lab N7646124	4.643	4.687	4.731	4.776	4.82	4.864	4.909	4.953	4.997	5.041	5.086	5.13	5.174	5.219	5.263	5.307	5.351	5.396	5.44	5.484	5.529	5.573	5.617	5.661	5.706	5.75	5.794	5.839	5.883	5.927	5.971	6.016	6.06	6.104	6.149	6.193	6.237	6.281	6.326	6.37	6.414	6.459	6.503	6.547	6.591	6.636	6.68	6.724	6.769	6.813
159	lab	N3633749	N9315520	22.88889	0.0	13	lab N3633749	5.389	5.421	5.453	5.486	5.518	5.55	5.582	5.614	5.647	5.679	5.711	5.743	5.776	5.808	5.84	5.872	5.904	5.937	5.969	6.001	6.033	6.066	6.098	6.13	6.162	6.194	6.227	6.259	6.291	6.323	6.356	6.388	6.42	6.452	6.484	6.517	6.549	6.581	6.613	6.646	6.678	6.71	6.742	6.774	6.807	6.839	6.871	6.903	6.936	6.968
217	lab	N2539902	N5384883	38.0	0.0	1	lab N2539902	7.167	7.197	7.227	7.257	7.287	7.317	7.347	7.377	7.407	7.437	7.467	7.497	7.527	7.557	7.587	7.617	7.647	7.677	7.707	7.737	7.767	7.797	7.827	7.857	7.887	7.917	7.947	7.977	8.007	8.037	8.067	8.097	8.127	8.157	8.187	8.217	8.247	8.277	8.307	8.337	8.367	8.397	8.427	8.457	8.487	8.517	8.547	8.577	8.607	8.637
126	lab	N4538173	N2899302	21.545456	0.0	30	lab N4538173	3.364	3.407	3.451	3.495	3.538	3.582	3.625	3.669	3.713	3.756	3.8	3.844	3.887	3.931	3.975	4.018	4.062	4.105	4.149	4.193	4.236	4.28	4.324	4.367	4.411	4.455	4.498	4.542	4.585	4.629	4.673	4.716	4.76	4.804	4.847	4.891	4.935	4.978	5.022	5.065	5.109	5.153	5.196	5.24	5.284	5.327	5.371	5.415	5.458	5.502
43	lab	N8548928	N9935630	15.076923	0.4841269841	126	lab N8548928	2.731	2.764	2.797	2.83	2.863	2.896	2.929	2.962	2.995	3.028	3.062	3.095	3.128	3.161	3.194	3.227	3.26	3.293	3.326	3.359	3.392	3.425	3.458	3.492	3.525	3.558	3.591	3.624	3.657	3.69	3.723	3.756	3.789	3.822	3.855	3.888	3.922	3.955	3.988	4.021	4.054	4.087	4.12	4.153	4.186	4.219	4.252	4.285	4.318	4.352
127	lab	N4538173	N63617	21.72727	0.5666666667	30	lab N4538173	3.045	3.101	3.156	3.212	3.267	3.323	3.378	3.434	3.489	3.545	3.6	3.655	3.711	3.766	3.822	3.877	3.933	3.988	4.044	4.099	4.155	4.21	4.265	4.321	4.376	4.432	4.487	4.543	4.598	4.654	4.709	4.765	4.82	4.875	4.931	4.986	5.042	5.097	5.153	5.208	5.264	5.319	5.375	5.43	5.485	5.541	5.596	5.652	5.707	5.763
216	lab	N2539902	N3230902	34.666664000000004	1.0	1	lab N2539902	3.833	3.897	3.96	4.023	4.087	4.15	4.213	4.277	4.34	4.403	4.467	4.53	4.593	4.657	4.72	4.783	4.847	4.91	4.973	5.037	5.1	5.163	5.227	5.29	5.353	5.417	5.48	5.543	5.607	5.67	5.733	5.797	5.86	5.923	5.987	6.05	6.113	6.177	6.24	6.303	6.367	6.43	6.493	6.557	6.62	6.683	6.747	6.81	6.873	6.937
44	lab	N8548928	N2655524	15.692307000000001	0.2777777778	126	lab N8548928	2.615	2.657	2.698	2.74	2.782	2.823	2.865	2.906	2.948	2.989	3.031	3.072	3.114	3.155	3.197	3.238	3.28	3.322	3.363	3.405	3.446	3.488	3.529	3.571	3.612	3.654	3.695	3.737	3.778	3.82	3.862	3.903	3.945	3.986	4.028	4.069	4.111	4.152	4.194	4.235	4.277	4.318	4.36	4.402	4.443	4.485	4.526	4.568	4.609	4.651
45	lab	N8548928	N4538173	18.76923	0.2380952381	126	lab N8548928	3.0	3.046	3.092	3.138	3.185	3.231	3.277	3.323	3.369	3.415	3.462	3.508	3.554	3.6	3.646	3.692	3.738	3.785	3.831	3.877	3.923	3.969	4.015	4.062	4.108	4.154	4.2	4.246	4.292	4.338	4.385	4.431	4.477	4.523	4.569	4.615	4.662	4.708	4.754	4.8	4.846	4.892	4.938	4.985	5.031	5.077	5.123	5.169	5.215	5.262
125	lab	N4538173	N6476882	20.818182	0.0	30	lab N4538173	4.045	4.079	4.113	4.146	4.18	4.214	4.247	4.281	4.315	4.348	4.382	4.415	4.449	4.483	4.516	4.55	4.584	4.617	4.651	4.685	4.718	4.752	4.785	4.819	4.853	4.886	4.92	4.954	4.987	5.021	5.055	5.088	5.122	5.155	5.189	5.223	5.256	5.29	5.324	5.357	5.391	5.425	5.458	5.492	5.525	5.559	5.593	5.626	5.66	5.694
124	lab	N4538173	N3633749	20.636364	0.43333333329999996	30	lab N4538173	3.045	3.094	3.142	3.19	3.238	3.286	3.335	3.383	3.431	3.479	3.527	3.575	3.624	3.672	3.72	3.768	3.816	3.865	3.913	3.961	4.009	4.057	4.105	4.154	4.202	4.25	4.298	4.346	4.395	4.443	4.491	4.539	4.587	4.635	4.684	4.732	4.78	4.828	4.876	4.925	4.973	5.021	5.069	5.117	5.165	5.214	5.262	5.31	5.358	5.406
80	lab	N9935630	N9994475	18.444445	0.6721311475	61	lab N9935630	3.0	3.036	3.071	3.107	3.142	3.178	3.213	3.249	3.284	3.32	3.356	3.391	3.427	3.462	3.498	3.533	3.569	3.604	3.64	3.676	3.711	3.747	3.782	3.818	3.853	3.889	3.924	3.96	3.996	4.031	4.067	4.102	4.138	4.173	4.209	4.244	4.28	4.316	4.351	4.387	4.422	4.458	4.493	4.529	4.564	4.6	4.636	4.671	4.707	4.742
81	lab	N9935630	N7839123	19.777779000000002	0.3278688525	61	lab N9935630	3.556	3.598	3.64	3.682	3.724	3.767	3.809	3.851	3.893	3.936	3.978	4.02	4.062	4.104	4.147	4.189	4.231	4.273	4.316	4.358	4.4	4.442	4.484	4.527	4.569	4.611	4.653	4.696	4.738	4.78	4.822	4.864	4.907	4.949	4.991	5.033	5.076	5.118	5.16	5.202	5.244	5.287	5.329	5.371	5.413	5.456	5.498	5.54	5.582	5.624
17	labyrinth3	N8899359	N5316967	13.090910000000001	0.380952381	126	labyrinth3 N8899359	3.273	3.309	3.345	3.382	3.418	3.455	3.491	3.527	3.564	3.6	3.636	3.673	3.709	3.745	3.782	3.818	3.855	3.891	3.927	3.964	4.0	4.036	4.073	4.109	4.145	4.182	4.218	4.255	4.291	4.327	4.364	4.4	4.436	4.473	4.509	4.545	4.582	4.618	4.655	4.691	4.727	4.764	4.8	4.836	4.873	4.909	4.945	4.982	5.018	5.055
46	labyrinth3	N8858377	N4938213	15.166667000000002	0.6304347826	46	labyrinth3 N8858377	4.917	4.935	4.953	4.972	4.99	5.008	5.027	5.045	5.063	5.082	5.1	5.118	5.137	5.155	5.173	5.192	5.21	5.228	5.247	5.265	5.283	5.302	5.32	5.338	5.357	5.375	5.393	5.412	5.43	5.448	5.467	5.485	5.503	5.522	5.54	5.558	5.577	5.595	5.613	5.632	5.65	5.668	5.687	5.705	5.723	5.742	5.76	5.778	5.797	5.815
47	labyrinth3	N8858377	N1078752	16.5	0.36956521740000003	46	labyrinth3 N8858377	3.833	3.873	3.913	3.953	3.993	4.033	4.073	4.113	4.153	4.193	4.233	4.273	4.313	4.353	4.393	4.433	4.473	4.513	4.553	4.593	4.633	4.673	4.713	4.753	4.793	4.833	4.873	4.913	4.953	4.993	5.033	5.073	5.113	5.153	5.193	5.233	5.273	5.313	5.353	5.393	5.433	5.473	5.513	5.553	5.593	5.633	5.673	5.713	5.753	5.793
37	labyrinth3	N5316967	N8407469	16.571428	0.3541666667	48	labyrinth3 N5316967	3.643	3.684	3.726	3.767	3.809	3.85	3.891	3.933	3.974	4.016	4.057	4.099	4.14	4.181	4.223	4.264	4.306	4.347	4.389	4.43	4.471	4.513	4.554	4.596	4.637	4.679	4.72	4.761	4.803	4.844	4.886	4.927	4.969	5.01	5.051	5.093	5.134	5.176	5.217	5.259	5.3	5.341	5.383	5.424	5.466	5.507	5.549	5.59	5.631	5.673
36	labyrinth3	N5316967	N4592326	14.857142999999999	0.6458333333	48	labyrinth3 N5316967	4.929	4.944	4.96	4.976	4.991	5.007	5.023	5.039	5.054	5.07	5.086	5.101	5.117	5.133	5.149	5.164	5.18	5.196	5.211	5.227	5.243	5.259	5.274	5.29	5.306	5.321	5.337	5.353	5.369	5.384	5.4	5.416	5.431	5.447	5.463	5.479	5.494	5.51	5.526	5.541	5.557	5.573	5.589	5.604	5.62	5.636	5.651	5.667	5.683	5.699
18	labyrinth3	N8899359	N7730376	14.545454000000001	0.253968254	126	labyrinth3 N8899359	3.045	3.094	3.142	3.19	3.238	3.286	3.335	3.383	3.431	3.479	3.527	3.575	3.624	3.672	3.72	3.768	3.816	3.865	3.913	3.961	4.009	4.057	4.105	4.154	4.202	4.25	4.298	4.346	4.395	4.443	4.491	4.539	4.587	4.635	4.684	4.732	4.78	4.828	4.876	4.925	4.973	5.021	5.069	5.117	5.165	5.214	5.262	5.31	5.358	5.406
16	labyrinth3	N8899359	N8858377	12.727272	0.3650793651	126	labyrinth3 N8899359	3.318	3.35	3.382	3.414	3.445	3.477	3.509	3.541	3.573	3.605	3.636	3.668	3.7	3.732	3.764	3.795	3.827	3.859	3.891	3.923	3.955	3.986	4.018	4.05	4.082	4.114	4.145	4.177	4.209	4.241	4.273	4.305	4.336	4.368	4.4	4.432	4.464	4.495	4.527	4.559	4.591	4.623	4.655	4.686	4.718	4.75	4.782	4.814	4.845	4.877
92	library	N9747004	N8680754	19.0	1.0	36	library N9747004	4.375	4.418	4.46	4.502	4.545	4.588	4.63	4.672	4.715	4.758	4.8	4.842	4.885	4.928	4.97	5.012	5.055	5.098	5.14	5.182	5.225	5.268	5.31	5.352	5.395	5.438	5.48	5.522	5.565	5.608	5.65	5.693	5.735	5.778	5.82	5.863	5.905	5.948	5.99	6.033	6.075	6.118	6.16	6.202	6.245	6.288	6.33	6.372	6.415	6.458
93	library	N9747004	N1647237	24.0	0.0	36	library N9747004	6.875	6.918	6.96	7.002	7.045	7.088	7.13	7.172	7.215	7.258	7.3	7.342	7.385	7.428	7.47	7.512	7.555	7.598	7.64	7.682	7.725	7.768	7.81	7.852	7.895	7.938	7.98	8.023	8.065	8.108	8.15	8.192	8.235	8.278	8.32	8.362	8.405	8.448	8.49	8.532	8.575	8.618	8.66	8.702	8.745	8.788	8.83	8.872	8.915	8.958
53	library	N2272684	N4522484	16.166666	0.4814814815	27	library N2272684	3.167	3.213	3.26	3.307	3.353	3.4	3.447	3.493	3.54	3.587	3.633	3.68	3.727	3.773	3.82	3.867	3.913	3.96	4.007	4.053	4.1	4.147	4.193	4.24	4.287	4.333	4.38	4.427	4.473	4.52	4.567	4.613	4.66	4.707	4.753	4.8	4.847	4.893	4.94	4.987	5.033	5.08	5.127	5.173	5.22	5.267	5.313	5.36	5.407	5.453
91	library	N5610265	N1352798	20.0	1.0	1	library N5610265	2.875	2.898	2.92	2.942	2.965	2.988	3.01	3.032	3.055	3.077	3.1	3.122	3.145	3.168	3.19	3.213	3.235	3.258	3.28	3.302	3.325	3.348	3.37	3.392	3.415	3.438	3.46	3.482	3.505	3.528	3.55	3.573	3.595	3.618	3.64	3.662	3.685	3.708	3.73	3.752	3.775	3.798	3.82	3.842	3.865	3.887	3.91	3.932	3.955	3.978
90	library	N5610265	N7608419	19.0	0.0	1	library N5610265	2.375	2.398	2.42	2.442	2.465	2.488	2.51	2.532	2.555	2.577	2.6	2.622	2.645	2.668	2.69	2.713	2.735	2.758	2.78	2.802	2.825	2.848	2.87	2.892	2.915	2.938	2.96	2.982	3.005	3.028	3.05	3.073	3.095	3.118	3.14	3.162	3.185	3.208	3.23	3.252	3.275	3.298	3.32	3.342	3.365	3.387	3.41	3.432	3.455	3.478
55	library	N2272684	N1620555	22.166666	0.0	27	library N2272684	4.667	4.71	4.753	4.797	4.84	4.883	4.927	4.97	5.013	5.057	5.1	5.143	5.187	5.23	5.273	5.317	5.36	5.403	5.447	5.49	5.533	5.577	5.62	5.663	5.707	5.75	5.793	5.837	5.88	5.923	5.967	6.01	6.053	6.097	6.14	6.183	6.227	6.27	6.313	6.357	6.4	6.443	6.487	6.53	6.573	6.617	6.66	6.703	6.747	6.79
54	library	N2272684	N9747004	16.833332000000002	0.5185185185	27	library N2272684	3.333	3.377	3.42	3.463	3.507	3.55	3.593	3.637	3.68	3.723	3.767	3.81	3.853	3.897	3.94	3.983	4.027	4.07	4.113	4.157	4.2	4.243	4.287	4.33	4.373	4.417	4.46	4.503	4.547	4.59	4.633	4.677	4.72	4.763	4.807	4.85	4.893	4.937	4.98	5.023	5.067	5.11	5.153	5.197	5.24	5.283	5.327	5.37	5.413	5.457
39	library	N2153380	N3287714	16.0	0.2244897959	98	library N2153380	2.875	2.898	2.92	2.942	2.965	2.988	3.01	3.032	3.055	3.077	3.1	3.122	3.145	3.168	3.19	3.213	3.235	3.258	3.28	3.302	3.325	3.348	3.37	3.392	3.415	3.438	3.46	3.482	3.505	3.528	3.55	3.573	3.595	3.618	3.64	3.662	3.685	3.708	3.73	3.752	3.775	3.798	3.82	3.842	3.865	3.887	3.91	3.932	3.955	3.978
38	library	N2153380	N4822267	15.0	0.7755102040999999	98	library N2153380	2.375	2.398	2.42	2.442	2.465	2.488	2.51	2.532	2.555	2.577	2.6	2.622	2.645	2.668	2.69	2.713	2.735	2.758	2.78	2.802	2.825	2.848	2.87	2.892	2.915	2.938	2.96	2.982	3.005	3.028	3.05	3.073	3.095	3.118	3.14	3.162	3.185	3.208	3.23	3.252	3.275	3.298	3.32	3.342	3.365	3.387	3.41	3.432	3.455	3.478
28	library	N6857034	N54623	16.454544	0.0357142857	28	library N6857034	3.227	3.275	3.324	3.372	3.42	3.468	3.516	3.565	3.613	3.661	3.709	3.757	3.805	3.854	3.902	3.95	3.998	4.046	4.095	4.143	4.191	4.239	4.287	4.335	4.384	4.432	4.48	4.528	4.576	4.625	4.673	4.721	4.769	4.817	4.865	4.914	4.962	5.01	5.058	5.106	5.155	5.203	5.251	5.299	5.347	5.395	5.444	5.492	5.54	5.588
8	library	N9553169	N7453865	11.666667	0.7777777778	126	library N9553169	2.2	2.237	2.275	2.312	2.349	2.387	2.424	2.461	2.499	2.536	2.573	2.611	2.648	2.685	2.723	2.76	2.797	2.835	2.872	2.909	2.947	2.984	3.021	3.059	3.096	3.133	3.171	3.208	3.245	3.283	3.32	3.357	3.395	3.432	3.469	3.507	3.544	3.581	3.619	3.656	3.693	3.731	3.768	3.805	3.843	3.88	3.917	3.955	3.992	4.029
27	library	N6857034	N2272684	13.727272	0.9642857143000001	28	library N6857034	3.682	3.712	3.742	3.772	3.802	3.832	3.862	3.892	3.922	3.952	3.982	4.012	4.042	4.072	4.102	4.132	4.162	4.192	4.222	4.252	4.282	4.312	4.342	4.372	4.402	4.432	4.462	4.492	4.522	4.552	4.582	4.612	4.642	4.672	4.702	4.732	4.762	4.792	4.822	4.852	4.882	4.912	4.942	4.972	5.002	5.032	5.062	5.092	5.122	5.152
9	library	N9553169	N6857034	12.066667	0.22222222219999999	126	library N9553169	2.833	2.871	2.909	2.947	2.985	3.023	3.061	3.099	3.137	3.175	3.213	3.251	3.289	3.327	3.365	3.403	3.441	3.479	3.517	3.555	3.593	3.631	3.669	3.707	3.745	3.783	3.821	3.859	3.897	3.935	3.973	4.011	4.049	4.087	4.125	4.163	4.201	4.239	4.277	4.315	4.353	4.391	4.429	4.467	4.505	4.543	4.581	4.619	4.657	4.695
197	museum	N8235434	N1421546	26.25	0.0	1	museum N8235434	7.375	7.402	7.43	7.458	7.485	7.512	7.54	7.568	7.595	7.622	7.65	7.678	7.705	7.732	7.76	7.788	7.815	7.842	7.87	7.898	7.925	7.952	7.98	8.008	8.035	8.062	8.09	8.118	8.145	8.172	8.2	8.228	8.255	8.282	8.31	8.338	8.365	8.392	8.42	8.448	8.475	8.502	8.53	8.558	8.585	8.612	8.64	8.668	8.695	8.722
66	museum	N8999294	N7239905	19.785715	0.0107526882	93	museum N8999294	4.036	4.076	4.117	4.158	4.199	4.239	4.28	4.321	4.361	4.402	4.443	4.484	4.524	4.565	4.606	4.646	4.687	4.728	4.769	4.809	4.85	4.891	4.931	4.972	5.013	5.054	5.094	5.135	5.176	5.216	5.257	5.298	5.339	5.379	5.42	5.461	5.501	5.542	5.583	5.624	5.664	5.705	5.746	5.786	5.827	5.868	5.909	5.949	5.99	6.031
65	museum	N8999294	N3878259	17.5	0.3333333333	93	museum N8999294	3.607	3.651	3.694	3.738	3.781	3.825	3.869	3.912	3.956	3.999	4.043	4.086	4.13	4.174	4.217	4.261	4.304	4.348	4.391	4.435	4.479	4.522	4.566	4.609	4.653	4.696	4.74	4.784	4.827	4.871	4.914	4.958	5.001	5.045	5.089	5.132	5.176	5.219	5.263	5.306	5.35	5.394	5.437	5.481	5.524	5.568	5.611	5.655	5.699	5.742
64	museum	N8999294	N3583653	16.928572	0.6559139785	93	museum N8999294	3.429	3.49	3.551	3.613	3.674	3.736	3.797	3.859	3.92	3.981	4.043	4.104	4.166	4.227	4.289	4.35	4.411	4.473	4.534	4.596	4.657	4.719	4.78	4.841	4.903	4.964	5.026	5.087	5.149	5.21	5.271	5.333	5.394	5.456	5.517	5.579	5.64	5.701	5.763	5.824	5.886	5.947	6.009	6.07	6.131	6.193	6.254	6.316	6.377	6.439
183	museum	N2723957	N3515934	26.5	0.0	6	museum N2723957	4.625	4.662	4.7	4.738	4.775	4.812	4.85	4.888	4.925	4.962	5.0	5.038	5.075	5.112	5.15	5.188	5.225	5.262	5.3	5.338	5.375	5.412	5.45	5.488	5.525	5.562	5.6	5.638	5.675	5.712	5.75	5.788	5.825	5.863	5.9	5.938	5.975	6.012	6.05	6.088	6.125	6.162	6.2	6.238	6.275	6.312	6.35	6.387	6.425	6.462
196	museum	N8235434	N9086861	25.25	1.0	1	museum N8235434	4.312	4.351	4.39	4.429	4.468	4.506	4.545	4.584	4.622	4.661	4.7	4.739	4.778	4.816	4.855	4.894	4.932	4.971	5.01	5.049	5.088	5.126	5.165	5.204	5.242	5.281	5.32	5.359	5.398	5.436	5.475	5.514	5.552	5.591	5.63	5.669	5.708	5.746	5.785	5.824	5.863	5.901	5.94	5.979	6.018	6.056	6.095	6.134	6.172	6.211
205	museum	N4708138	N3592924	31.5	0.0	2	museum N4708138	6.125	6.172	6.22	6.268	6.315	6.363	6.41	6.458	6.505	6.552	6.6	6.648	6.695	6.742	6.79	6.838	6.885	6.932	6.98	7.028	7.075	7.122	7.17	7.217	7.265	7.312	7.36	7.408	7.455	7.502	7.55	7.598	7.645	7.693	7.74	7.788	7.835	7.882	7.93	7.978	8.025	8.072	8.12	8.168	8.215	8.262	8.31	8.358	8.405	8.452
204	museum	N4708138	N8137719	27.5	1.0	2	museum N4708138	4.125	4.172	4.22	4.268	4.315	4.363	4.41	4.458	4.505	4.552	4.6	4.648	4.695	4.742	4.79	4.838	4.885	4.932	4.98	5.028	5.075	5.122	5.17	5.217	5.265	5.312	5.36	5.408	5.455	5.502	5.55	5.598	5.645	5.693	5.74	5.788	5.835	5.882	5.93	5.978	6.025	6.072	6.12	6.167	6.215	6.262	6.31	6.358	6.405	6.452
29	museum	N599523	N8999294	14.368422	0.7380952381	126	museum N599523	3.237	3.279	3.322	3.365	3.407	3.45	3.493	3.535	3.578	3.621	3.663	3.706	3.748	3.791	3.834	3.876	3.919	3.962	4.004	4.047	4.089	4.132	4.175	4.217	4.26	4.303	4.345	4.388	4.431	4.473	4.516	4.558	4.601	4.644	4.686	4.729	4.772	4.814	4.857	4.899	4.942	4.985	5.027	5.07	5.113	5.155	5.198	5.241	5.283	5.326
30	museum	N599523	N1035050	15.736841	0.2619047619	126	museum N599523	3.395	3.442	3.488	3.535	3.582	3.629	3.676	3.723	3.769	3.816	3.863	3.91	3.957	4.004	4.051	4.097	4.144	4.191	4.238	4.285	4.332	4.378	4.425	4.472	4.519	4.566	4.613	4.659	4.706	4.753	4.8	4.847	4.894	4.941	4.987	5.034	5.081	5.128	5.175	5.222	5.268	5.315	5.362	5.409	5.456	5.503	5.549	5.596	5.643	5.69
182	museum	N2723957	N7639406	24.5	1.0	6	museum N2723957	3.625	3.662	3.7	3.738	3.775	3.812	3.85	3.888	3.925	3.962	4.0	4.037	4.075	4.112	4.15	4.188	4.225	4.262	4.3	4.338	4.375	4.412	4.45	4.488	4.525	4.562	4.6	4.638	4.675	4.712	4.75	4.788	4.825	4.863	4.9	4.938	4.975	5.012	5.05	5.088	5.125	5.162	5.2	5.238	5.275	5.312	5.35	5.387	5.425	5.462
71	museum	N1035050	N9773808	18.333332000000002	0.9666666667	30	museum N1035050	3.2	3.255	3.309	3.364	3.419	3.473	3.528	3.583	3.637	3.692	3.747	3.801	3.856	3.911	3.965	4.02	4.075	4.129	4.184	4.239	4.293	4.348	4.403	4.457	4.512	4.567	4.621	4.676	4.731	4.785	4.84	4.895	4.949	5.004	5.059	5.113	5.168	5.223	5.277	5.332	5.387	5.441	5.496	5.551	5.605	5.66	5.715	5.769	5.824	5.879
70	museum	N1035050	N9449477	17.8	0.033333333300000004	30	museum N1035050	4.433	4.474	4.515	4.555	4.596	4.637	4.677	4.718	4.759	4.799	4.84	4.881	4.921	4.962	5.003	5.043	5.084	5.125	5.165	5.206	5.247	5.287	5.328	5.369	5.409	5.45	5.491	5.531	5.572	5.613	5.653	5.694	5.735	5.775	5.816	5.857	5.897	5.938	5.979	6.019	6.06	6.101	6.141	6.182	6.223	6.263	6.304	6.345	6.385	6.426
108	museum	N9449477	N3228077	20.1	1.0	1	museum N9449477	3.4	3.458	3.516	3.574	3.632	3.69	3.748	3.806	3.864	3.922	3.98	4.038	4.096	4.154	4.212	4.27	4.328	4.386	4.444	4.502	4.56	4.618	4.676	4.734	4.792	4.85	4.908	4.966	5.024	5.082	5.14	5.198	5.256	5.314	5.372	5.43	5.488	5.546	5.604	5.662	5.72	5.778	5.836	5.894	5.952	6.01	6.068	6.126	6.184	6.242
110	museum	N9449477	N934578	28.9	0.0	1	museum N9449477	4.2	4.25	4.3	4.35	4.4	4.45	4.5	4.55	4.6	4.65	4.7	4.75	4.8	4.85	4.9	4.95	5.0	5.05	5.1	5.15	5.2	5.25	5.3	5.35	5.4	5.45	5.5	5.55	5.6	5.65	5.7	5.75	5.8	5.85	5.9	5.95	6.0	6.05	6.1	6.15	6.2	6.25	6.3	6.35	6.4	6.45	6.5	6.55	6.6	6.65
109	museum	N9449477	N3255322	20.9	0.0	1	museum N9449477	4.05	4.091	4.132	4.173	4.214	4.255	4.296	4.337	4.378	4.419	4.46	4.501	4.542	4.583	4.624	4.665	4.706	4.747	4.788	4.829	4.87	4.911	4.952	4.993	5.034	5.075	5.116	5.157	5.198	5.239	5.28	5.321	5.362	5.403	5.444	5.485	5.526	5.567	5.608	5.649	5.69	5.731	5.772	5.813	5.854	5.895	5.936	5.977	6.018	6.059
117	museum	N3878259	N4337909	20.5	0.9032258065000001	31	museum N3878259	3.4	3.454	3.508	3.562	3.616	3.67	3.724	3.778	3.832	3.886	3.94	3.994	4.048	4.102	4.156	4.21	4.264	4.318	4.372	4.426	4.48	4.534	4.588	4.642	4.696	4.75	4.804	4.858	4.912	4.966	5.02	5.074	5.128	5.182	5.236	5.29	5.344	5.398	5.452	5.506	5.56	5.614	5.668	5.722	5.776	5.83	5.884	5.938	5.992	6.046
138	museum	N4946088	N8559917	21.25	0.7586206897	29	museum N4946088	2.562	2.601	2.64	2.679	2.718	2.756	2.795	2.834	2.872	2.911	2.95	2.989	3.028	3.066	3.105	3.144	3.182	3.221	3.26	3.299	3.338	3.376	3.415	3.454	3.492	3.531	3.57	3.609	3.648	3.686	3.725	3.764	3.802	3.841	3.88	3.919	3.958	3.996	4.035	4.074	4.113	4.151	4.19	4.229	4.268	4.306	4.345	4.384	4.422	4.461
157	museum	N4337909	N3311969	22.75	0.9142857143	35	museum N4337909	4.312	4.361	4.41	4.459	4.508	4.556	4.605	4.654	4.702	4.751	4.8	4.849	4.898	4.946	4.995	5.044	5.092	5.141	5.19	5.239	5.288	5.336	5.385	5.434	5.482	5.531	5.58	5.629	5.678	5.726	5.775	5.824	5.873	5.921	5.97	6.019	6.068	6.116	6.165	6.214	6.262	6.311	6.36	6.409	6.458	6.506	6.555	6.604	6.652	6.701
158	museum	N4337909	N4708138	24.75	0.0857142857	35	museum N4337909	7.625	7.658	7.69	7.722	7.755	7.788	7.82	7.852	7.885	7.918	7.95	7.982	8.015	8.047	8.08	8.113	8.145	8.178	8.21	8.242	8.275	8.308	8.34	8.372	8.405	8.438	8.47	8.502	8.535	8.567	8.6	8.632	8.665	8.698	8.73	8.762	8.795	8.828	8.86	8.892	8.925	8.958	8.99	9.022	9.055	9.088	9.12	9.152	9.185	9.218
139	museum	N4946088	N2723957	22.25	0.2413793103	29	museum N4946088	3.875	3.902	3.93	3.958	3.985	4.012	4.04	4.068	4.095	4.122	4.15	4.178	4.205	4.232	4.26	4.288	4.315	4.342	4.37	4.398	4.425	4.452	4.48	4.508	4.535	4.562	4.59	4.618	4.645	4.672	4.7	4.728	4.755	4.783	4.81	4.838	4.865	4.892	4.92	4.948	4.975	5.002	5.03	5.057	5.085	5.112	5.14	5.168	5.195	5.222
169	museum	N7239905	N1666022	24.9	0.0	1	museum N7239905	6.05	6.091	6.132	6.173	6.214	6.255	6.296	6.337	6.378	6.419	6.46	6.501	6.542	6.583	6.624	6.665	6.706	6.747	6.788	6.829	6.87	6.911	6.952	6.993	7.034	7.075	7.116	7.157	7.198	7.239	7.28	7.321	7.362	7.403	7.444	7.485	7.526	7.567	7.608	7.649	7.69	7.731	7.772	7.813	7.854	7.895	7.936	7.977	8.018	8.059
167	museum	N7239905	N8235434	22.900002	1.0	1	museum N7239905	3.2	3.25	3.3	3.35	3.4	3.45	3.5	3.55	3.6	3.65	3.7	3.75	3.8	3.85	3.9	3.95	4.0	4.05	4.1	4.15	4.2	4.25	4.3	4.35	4.4	4.45	4.5	4.55	4.6	4.65	4.7	4.75	4.8	4.85	4.9	4.95	5.0	5.05	5.1	5.15	5.2	5.25	5.3	5.35	5.4	5.45	5.5	5.55	5.6	5.65
168	museum	N7239905	N2769566	24.1	0.0	1	museum N7239905	4.4	4.458	4.516	4.574	4.632	4.69	4.748	4.806	4.864	4.922	4.98	5.038	5.096	5.154	5.212	5.27	5.328	5.386	5.444	5.502	5.56	5.618	5.676	5.734	5.792	5.85	5.908	5.966	6.024	6.082	6.14	6.198	6.256	6.314	6.372	6.43	6.488	6.546	6.604	6.662	6.72	6.778	6.836	6.894	6.952	7.01	7.068	7.126	7.184	7.242
119	museum	N3878259	N2766129	23.300001	0.0322580645	31	museum N3878259	6.05	6.091	6.132	6.173	6.214	6.255	6.296	6.337	6.378	6.419	6.46	6.501	6.542	6.583	6.624	6.665	6.706	6.747	6.788	6.829	6.87	6.911	6.952	6.993	7.034	7.075	7.116	7.157	7.198	7.239	7.28	7.321	7.362	7.403	7.444	7.485	7.526	7.567	7.608	7.649	7.69	7.731	7.772	7.813	7.854	7.895	7.936	7.977	8.018	8.059
118	museum	N3878259	N5843320	21.7	0.064516129	31	museum N3878259	4.4	4.466	4.532	4.598	4.664	4.73	4.796	4.862	4.928	4.994	5.06	5.126	5.192	5.258	5.324	5.39	5.456	5.522	5.588	5.654	5.72	5.786	5.852	5.918	5.984	6.05	6.116	6.182	6.248	6.314	6.38	6.446	6.512	6.578	6.644	6.71	6.776	6.842	6.908	6.974	7.04	7.106	7.172	7.238	7.304	7.37	7.436	7.502	7.568	7.634
57	roomG	N8320789	N1625775	18.571428	0.3088235294	68	roomG N8320789	2.857	2.894	2.931	2.969	3.006	3.043	3.08	3.117	3.154	3.191	3.229	3.266	3.303	3.34	3.377	3.414	3.451	3.489	3.526	3.563	3.6	3.637	3.674	3.711	3.749	3.786	3.823	3.86	3.897	3.934	3.971	4.009	4.046	4.083	4.12	4.157	4.194	4.231	4.269	4.306	4.343	4.38	4.417	4.454	4.491	4.529	4.566	4.603	4.64	4.677
112	roomG	N5279315	N6566182	22.571428	0.0	1	roomG N5279315	4.0	4.037	4.074	4.111	4.149	4.186	4.223	4.26	4.297	4.334	4.371	4.409	4.446	4.483	4.52	4.557	4.594	4.631	4.669	4.706	4.743	4.78	4.817	4.854	4.891	4.929	4.966	5.003	5.04	5.077	5.114	5.151	5.189	5.226	5.263	5.3	5.337	5.374	5.411	5.449	5.486	5.523	5.56	5.597	5.634	5.671	5.709	5.746	5.783	5.82
111	roomG	N5279315	N2518305	20.285713	1.0	1	roomG N5279315	4.857	4.874	4.891	4.909	4.926	4.943	4.96	4.977	4.994	5.011	5.029	5.046	5.063	5.08	5.097	5.114	5.131	5.149	5.166	5.183	5.2	5.217	5.234	5.251	5.269	5.286	5.303	5.32	5.337	5.354	5.371	5.389	5.406	5.423	5.44	5.457	5.474	5.491	5.509	5.526	5.543	5.56	5.577	5.594	5.611	5.629	5.646	5.663	5.68	5.697
145	roomG	N8317607	N1983096	21.900002	0.9705882353	34	roomG N8317607	4.85	4.891	4.932	4.973	5.014	5.055	5.096	5.137	5.178	5.219	5.26	5.301	5.342	5.383	5.424	5.465	5.506	5.547	5.588	5.629	5.67	5.711	5.752	5.793	5.834	5.875	5.916	5.957	5.998	6.039	6.08	6.121	6.162	6.203	6.244	6.285	6.326	6.367	6.408	6.449	6.49	6.531	6.572	6.613	6.654	6.695	6.736	6.777	6.818	6.859
146	roomG	N8317607	N940315	23.900002	0.029411764700000002	34	roomG N8317607	7.3	7.328	7.356	7.384	7.412	7.44	7.468	7.496	7.524	7.552	7.58	7.608	7.636	7.664	7.692	7.72	7.748	7.776	7.804	7.832	7.86	7.888	7.916	7.944	7.972	8.0	8.028	8.056	8.084	8.112	8.14	8.168	8.196	8.224	8.252	8.28	8.308	8.336	8.364	8.392	8.42	8.448	8.476	8.504	8.532	8.56	8.588	8.616	8.644	8.672
26	roomG	N3215843	N3886181	14.294119	0.46031746030000004	126	roomG N3215843	2.912	2.954	2.995	3.037	3.079	3.121	3.162	3.204	3.246	3.288	3.329	3.371	3.413	3.455	3.496	3.538	3.58	3.622	3.664	3.705	3.747	3.789	3.831	3.872	3.914	3.956	3.998	4.039	4.081	4.123	4.165	4.206	4.248	4.29	4.332	4.374	4.415	4.457	4.499	4.541	4.582	4.624	4.666	4.708	4.749	4.791	4.833	4.875	4.916	4.958
25	roomG	N3215843	N9994126	13.3529415	0.5396825397	126	roomG N3215843	2.706	2.733	2.76	2.787	2.814	2.841	2.868	2.895	2.922	2.949	2.976	3.004	3.031	3.058	3.085	3.112	3.139	3.166	3.193	3.22	3.247	3.274	3.301	3.328	3.355	3.382	3.409	3.436	3.464	3.491	3.518	3.545	3.572	3.599	3.626	3.653	3.68	3.707	3.734	3.761	3.788	3.815	3.842	3.869	3.896	3.924	3.951	3.978	4.005	4.032
51	roomG	N3886181	N5279315	17.307692000000003	0.017241379299999998	58	roomG N3886181	4.231	4.262	4.292	4.323	4.354	4.385	4.415	4.446	4.477	4.508	4.538	4.569	4.6	4.631	4.662	4.692	4.723	4.754	4.785	4.815	4.846	4.877	4.908	4.938	4.969	5.0	5.031	5.062	5.092	5.123	5.154	5.185	5.215	5.246	5.277	5.308	5.338	5.369	5.4	5.431	5.462	5.492	5.523	5.554	5.585	5.615	5.646	5.677	5.708	5.738
99	roomG	N1625775	N2316202	19.8	0.0	21	roomG N1625775	4.6	4.612	4.624	4.636	4.648	4.66	4.672	4.684	4.696	4.708	4.72	4.732	4.744	4.756	4.768	4.78	4.792	4.804	4.816	4.828	4.84	4.852	4.864	4.876	4.888	4.9	4.912	4.924	4.936	4.948	4.96	4.972	4.984	4.996	5.008	5.02	5.032	5.044	5.056	5.068	5.08	5.092	5.104	5.116	5.128	5.14	5.152	5.164	5.176	5.188
50	roomG	N3886181	N413710	15.769232	0.7241379309999999	58	roomG N3886181	3.192	3.238	3.283	3.328	3.374	3.419	3.465	3.51	3.555	3.601	3.646	3.692	3.737	3.782	3.828	3.873	3.918	3.964	4.009	4.055	4.1	4.145	4.191	4.236	4.282	4.327	4.372	4.418	4.463	4.508	4.554	4.599	4.645	4.69	4.735	4.781	4.826	4.872	4.917	4.962	5.008	5.053	5.098	5.144	5.189	5.235	5.28	5.325	5.371	5.416
52	roomG	N3886181	N1443972	17.615382999999998	0.25862068969999996	58	roomG N3886181	3.231	3.285	3.338	3.392	3.446	3.5	3.554	3.608	3.662	3.715	3.769	3.823	3.877	3.931	3.985	4.038	4.092	4.146	4.2	4.254	4.308	4.362	4.415	4.469	4.523	4.577	4.631	4.685	4.738	4.792	4.846	4.9	4.954	5.008	5.062	5.115	5.169	5.223	5.277	5.331	5.385	5.438	5.492	5.546	5.6	5.654	5.708	5.762	5.815	5.869
89	roomG	N1443972	N8317607	21.09091	0.8666666667	15	roomG N1443972	3.409	3.472	3.535	3.597	3.66	3.723	3.785	3.848	3.911	3.974	4.036	4.099	4.162	4.225	4.287	4.35	4.413	4.475	4.538	4.601	4.664	4.726	4.789	4.852	4.915	4.977	5.04	5.103	5.165	5.228	5.291	5.354	5.416	5.479	5.542	5.605	5.667	5.73	5.793	5.855	5.918	5.981	6.044	6.106	6.169	6.232	6.295	6.357	6.42	6.483
88	roomG	N1443972	N7117627	20.545454	0.0	15	roomG N1443972	5.818	5.849	5.88	5.911	5.942	5.973	6.004	6.035	6.065	6.096	6.127	6.158	6.189	6.22	6.251	6.282	6.313	6.344	6.375	6.405	6.436	6.467	6.498	6.529	6.56	6.591	6.622	6.653	6.684	6.715	6.745	6.776	6.807	6.838	6.869	6.9	6.931	6.962	6.993	7.024	7.055	7.085	7.116	7.147	7.178	7.209	7.24	7.271	7.302	7.333
87	roomG	N1443972	N2654501	18.727272	0.1333333333	15	roomG N1443972	4.091	4.136	4.182	4.227	4.273	4.318	4.364	4.409	4.455	4.5	4.545	4.591	4.636	4.682	4.727	4.773	4.818	4.864	4.909	4.955	5.0	5.045	5.091	5.136	5.182	5.227	5.273	5.318	5.364	5.409	5.455	5.5	5.545	5.591	5.636	5.682	5.727	5.773	5.818	5.864	5.909	5.955	6.0	6.045	6.091	6.136	6.182	6.227	6.273	6.318
56	roomG	N8320789	N3398689	16.285715	0.6911764706	68	roomG N8320789	2.571	2.589	2.606	2.623	2.64	2.657	2.674	2.691	2.709	2.726	2.743	2.76	2.777	2.794	2.811	2.829	2.846	2.863	2.88	2.897	2.914	2.931	2.949	2.966	2.983	3.0	3.017	3.034	3.051	3.069	3.086	3.103	3.12	3.137	3.154	3.171	3.189	3.206	3.223	3.24	3.257	3.274	3.291	3.309	3.326	3.343	3.36	3.377	3.394	3.411
100	roomG	N1625775	N9172148	21.8	1.0	21	roomG N1625775	3.4	3.456	3.512	3.568	3.624	3.68	3.736	3.792	3.848	3.904	3.96	4.016	4.072	4.128	4.184	4.24	4.296	4.352	4.408	4.464	4.52	4.576	4.632	4.688	4.744	4.8	4.856	4.912	4.968	5.024	5.08	5.136	5.192	5.248	5.304	5.36	5.416	5.472	5.528	5.584	5.64	5.696	5.752	5.808	5.864	5.92	5.976	6.032	6.088	6.144
19	tworooms	N1627744	N7416731	13.2	0.6507936508	126	tworooms N1627744	2.767	2.791	2.816	2.841	2.865	2.89	2.915	2.939	2.964	2.989	3.013	3.038	3.063	3.087	3.112	3.137	3.161	3.186	3.211	3.235	3.26	3.285	3.309	3.334	3.359	3.383	3.408	3.433	3.457	3.482	3.507	3.531	3.556	3.581	3.605	3.63	3.655	3.679	3.704	3.729	3.753	3.778	3.803	3.827	3.852	3.877	3.901	3.926	3.951	3.975
20	tworooms	N1627744	N2169075	15.466667000000001	0.34920634920000004	126	tworooms N1627744	2.8	2.843	2.885	2.928	2.971	3.013	3.056	3.099	3.141	3.184	3.227	3.269	3.312	3.355	3.397	3.44	3.483	3.525	3.568	3.611	3.653	3.696	3.739	3.781	3.824	3.867	3.909	3.952	3.995	4.037	4.08	4.123	4.165	4.208	4.251	4.293	4.336	4.379	4.421	4.464	4.507	4.549	4.592	4.635	4.677	4.72	4.763	4.805	4.848	4.891
123	tworooms	N6388298	N3112363	22.571428	0.8095238095	21	tworooms N6388298	4.786	4.87	4.954	5.039	5.123	5.207	5.291	5.376	5.46	5.544	5.629	5.713	5.797	5.881	5.966	6.05	6.134	6.219	6.303	6.387	6.471	6.556	6.64	6.724	6.809	6.893	6.977	7.061	7.146	7.23	7.314	7.399	7.483	7.567	7.651	7.736	7.82	7.904	7.989	8.073	8.157	8.241	8.326	8.41	8.494	8.579	8.663	8.747	8.831	8.916
122	tworooms	N6388298	N2446217	20.571428	0.1904761905	21	tworooms N6388298	8.071	8.081	8.091	8.101	8.111	8.121	8.131	8.141	8.151	8.161	8.171	8.181	8.191	8.201	8.211	8.221	8.231	8.241	8.251	8.261	8.271	8.281	8.291	8.301	8.311	8.321	8.331	8.341	8.351	8.361	8.371	8.381	8.391	8.401	8.411	8.421	8.431	8.441	8.451	8.461	8.471	8.481	8.491	8.501	8.511	8.521	8.531	8.541	8.551	8.561
75	tworooms	N2277	N5127596	18.5	0.033333333300000004	30	tworooms N2277	5.2	5.222	5.244	5.266	5.288	5.31	5.332	5.354	5.376	5.398	5.42	5.442	5.464	5.486	5.508	5.53	5.552	5.574	5.596	5.618	5.64	5.662	5.684	5.706	5.728	5.75	5.772	5.794	5.816	5.838	5.86	5.882	5.904	5.926	5.948	5.97	5.992	6.014	6.036	6.058	6.08	6.102	6.124	6.146	6.168	6.19	6.212	6.234	6.256	6.278
141	tworooms	N7291500	N9403647	21.75	0.7142857143000001	7	tworooms N7291500	4.562	4.636	4.71	4.784	4.858	4.931	5.005	5.079	5.152	5.226	5.3	5.374	5.448	5.521	5.595	5.669	5.743	5.816	5.89	5.964	6.038	6.111	6.185	6.259	6.332	6.406	6.48	6.554	6.628	6.701	6.775	6.849	6.922	6.996	7.07	7.144	7.218	7.291	7.365	7.439	7.513	7.586	7.66	7.734	7.808	7.881	7.955	8.029	8.102	8.176
103	tworooms	N5159403	N7004659	20.1	0.0	12	tworooms N5159403	3.8	3.858	3.916	3.974	4.032	4.09	4.148	4.206	4.264	4.322	4.38	4.438	4.496	4.554	4.612	4.67	4.728	4.786	4.844	4.902	4.96	5.018	5.076	5.134	5.192	5.25	5.308	5.366	5.424	5.482	5.54	5.598	5.656	5.714	5.772	5.83	5.888	5.946	6.004	6.062	6.12	6.178	6.236	6.294	6.352	6.41	6.468	6.526	6.584	6.642
102	tworooms	N5159403	N1559736	20.1	0.0	12	tworooms N5159403	5.7	5.72	5.74	5.76	5.78	5.8	5.82	5.84	5.86	5.88	5.9	5.92	5.94	5.96	5.98	6.0	6.02	6.04	6.06	6.08	6.1	6.12	6.14	6.16	6.18	6.2	6.22	6.24	6.26	6.28	6.3	6.32	6.34	6.36	6.38	6.4	6.42	6.44	6.46	6.48	6.5	6.52	6.54	6.56	6.58	6.6	6.62	6.64	6.66	6.68
74	tworooms	N2277	N6388298	18.3	0.7333333333	30	tworooms N2277	4.2	4.26	4.32	4.38	4.44	4.5	4.56	4.62	4.68	4.74	4.8	4.86	4.92	4.98	5.04	5.1	5.16	5.22	5.28	5.34	5.4	5.46	5.52	5.58	5.64	5.7	5.76	5.82	5.88	5.94	6.0	6.06	6.12	6.18	6.24	6.3	6.36	6.42	6.48	6.54	6.6	6.66	6.72	6.78	6.84	6.9	6.96	7.02	7.08	7.14
151	tworooms	N1738800	N5180650	22.714287	1.0	11	tworooms N1738800	4.357	4.433	4.509	4.584	4.66	4.736	4.811	4.887	4.963	5.039	5.114	5.19	5.266	5.341	5.417	5.493	5.569	5.644	5.72	5.796	5.871	5.947	6.023	6.099	6.174	6.25	6.326	6.401	6.477	6.553	6.629	6.704	6.78	6.856	6.931	7.007	7.083	7.159	7.234	7.31	7.386	7.461	7.537	7.613	7.689	7.764	7.84	7.916	7.991	8.067
101	tworooms	N5159403	N1738800	19.9	1.0	12	tworooms N5159403	4.05	4.107	4.164	4.221	4.278	4.335	4.392	4.449	4.506	4.563	4.62	4.677	4.734	4.791	4.848	4.905	4.962	5.019	5.076	5.133	5.19	5.247	5.304	5.361	5.418	5.475	5.532	5.589	5.646	5.703	5.76	5.817	5.874	5.931	5.988	6.045	6.102	6.159	6.216	6.273	6.33	6.387	6.444	6.501	6.558	6.615	6.672	6.729	6.786	6.843
76	tworooms	N2277	N7291500	19.900002	0.23333333329999997	30	tworooms N2277	4.1	4.164	4.228	4.292	4.356	4.42	4.484	4.548	4.612	4.676	4.74	4.804	4.868	4.932	4.996	5.06	5.124	5.188	5.252	5.316	5.38	5.444	5.508	5.572	5.636	5.7	5.764	5.828	5.892	5.956	6.02	6.084	6.148	6.212	6.276	6.34	6.404	6.468	6.532	6.596	6.66	6.724	6.788	6.852	6.916	6.98	7.044	7.108	7.172	7.236
67	tworooms	N2169075	N2277	17.0	0.6818181818000001	44	tworooms N2169075	3.042	3.094	3.147	3.199	3.252	3.304	3.357	3.409	3.462	3.514	3.567	3.619	3.672	3.724	3.777	3.829	3.882	3.934	3.987	4.039	4.092	4.144	4.197	4.249	4.302	4.354	4.407	4.459	4.512	4.564	4.617	4.669	4.722	4.774	4.827	4.879	4.932	4.984	5.037	5.089	5.142	5.194	5.247	5.299	5.352	5.404	5.457	5.509	5.562	5.614
68	tworooms	N2169075	N763696	17.166666	0.0454545455	44	tworooms N2169075	4.125	4.149	4.173	4.198	4.222	4.246	4.27	4.294	4.318	4.342	4.367	4.391	4.415	4.439	4.463	4.488	4.512	4.536	4.56	4.584	4.608	4.632	4.657	4.681	4.705	4.729	4.753	4.778	4.802	4.826	4.85	4.874	4.898	4.922	4.947	4.971	4.995	5.019	5.043	5.068	5.092	5.116	5.14	5.164	5.188	5.212	5.237	5.261	5.285	5.309
69	tworooms	N2169075	N5159403	18.499998	0.2727272727	44	tworooms N2169075	3.375	3.431	3.487	3.542	3.598	3.654	3.71	3.766	3.822	3.877	3.933	3.989	4.045	4.101	4.157	4.212	4.268	4.324	4.38	4.436	4.492	4.547	4.603	4.659	4.715	4.771	4.827	4.882	4.938	4.994	5.05	5.106	5.162	5.218	5.273	5.329	5.385	5.441	5.497	5.552	5.608	5.664	5.72	5.776	5.832	5.887	5.943	5.999	6.055	6.111
140	tworooms	N7291500	N9601214	21.5	0.2857142857	7	tworooms N7291500	6.938	6.959	6.98	7.001	7.022	7.044	7.065	7.086	7.108	7.129	7.15	7.171	7.192	7.214	7.235	7.256	7.278	7.299	7.32	7.341	7.362	7.384	7.405	7.426	7.448	7.469	7.49	7.511	7.532	7.554	7.575	7.596	7.618	7.639	7.66	7.681	7.702	7.724	7.745	7.766	7.788	7.809	7.83	7.851	7.872	7.894	7.915	7.936	7.958	7.979
150	tworooms	N1738800	N7295169	22.428572	0.0	11	tworooms N1738800	8.857	8.866	8.874	8.883	8.891	8.9	8.909	8.917	8.926	8.934	8.943	8.951	8.96	8.969	8.977	8.986	8.994	9.003	9.011	9.02	9.029	9.037	9.046	9.054	9.063	9.071	9.08	9.089	9.097	9.106	9.114	9.123	9.131	9.14	9.149	9.157	9.166	9.174	9.183	9.191	9.2	9.209	9.217	9.226	9.234	9.243	9.251	9.26	9.269	9.277
